Date,Strike Price,Maturity (days),Option Type,Premium
2023-01-02,90,30,Put,0.6966461325847604
2023-01-03,90,30,Put,0.6631943073304871
2023-01-04,90,30,Put,0.6710722217890872
2023-01-05,90,30,Put,0.6292942447207768
2023-01-06,90,30,Put,0.5404268417090741
2023-01-09,90,30,Put,0.5523804340052383
2023-01-10,90,30,Put,0.5645469766226761
2023-01-11,90,30,Call,12.536293619175169
2023-01-12,90,30,Call,12.90196080227716
2023-01-13,90,30,Put,0.4644949515975956
2023-01-16,90,30,Put,0.4383615211230776
2023-01-17,90,30,Call,12.741273092057668
2023-01-18,90,30,Call,12.53170472946502
2023-01-19,90,30,Call,12.65156209311786
2023-01-20,90,30,Call,11.779692938117975
2023-01-23,90,30,Put,0.6709747523909471
2023-01-24,90,30,Put,0.7070307574880381
2023-01-25,90,30,Call,10.345645574541663
2023-01-26,90,30,Put,0.7531148786767474
2023-01-27,90,30,Call,10.105990531182215
2023-01-30,90,30,Call,9.521813428269766
2023-01-31,90,30,Call,10.141990487830412
2023-02-01,90,30,Put,0.8279567993385974
2023-02-02,90,30,Call,10.088229148645823
2023-02-03,90,30,Put,0.934111723619246
2023-02-06,90,30,Call,9.282730914517103
2023-02-07,90,30,Call,9.334435059027669
2023-02-08,90,30,Put,1.0701312005415353
2023-02-09,90,30,Call,9.032788686997023
2023-02-10,90,30,Call,8.798931145342621
2023-02-13,90,30,Put,1.1145564775640118
2023-02-14,90,30,Put,1.171974523735038
2023-02-15,90,30,Put,0.9964432823997456
2023-02-16,90,30,Put,0.9962447439762165
2023-02-17,90,30,Put,1.0914458916261296
2023-02-20,90,30,Call,9.121442388470854
2023-02-21,90,30,Put,1.126567437987898
2023-02-22,90,30,Put,1.1049598251234976
2023-02-23,90,30,Call,7.976787859089896
2023-02-24,90,30,Put,1.4506192091516006
2023-02-27,90,30,Call,7.566347879189806
2023-02-28,90,30,Put,1.3405643452325506
2023-03-01,90,30,Put,1.320004907901911
2023-03-02,90,30,Call,7.879350327325085
2023-03-03,90,30,Call,7.772463308178075
2023-03-06,90,30,Call,7.236514866441183
2023-03-07,90,30,Call,6.985793743741766
2023-03-08,90,30,Call,6.82984101484351
2023-03-09,90,30,Put,1.5429636495000096
2023-03-10,90,30,Put,1.499354844402479
2023-03-13,90,30,Call,6.720566566082638
2023-03-14,90,30,Call,6.838476316470235
2023-03-15,90,30,Call,6.710383918075905
2023-03-16,90,30,Put,0.546460148650656
2023-03-17,90,30,Put,1.7285278888544404
2023-03-20,90,30,Call,7.064882169004598
2023-03-21,90,30,Put,1.4774716918075015
2023-03-22,90,30,Call,7.1088015850855015
2023-03-23,90,30,Call,7.0047297699739985
2023-03-24,90,30,Put,1.571024232380033
2023-03-27,90,30,Call,7.48602847060944
2023-03-28,90,30,Call,7.317431676542881
2023-03-29,90,30,Put,1.5270045563237886
2023-03-30,90,30,Call,6.869243159624737
2023-03-31,90,30,Call,5.193235058243644
2023-04-03,90,30,Call,6.746766327621195
2023-04-04,90,30,Put,1.5356363027525362
2023-04-05,90,30,Call,7.210471460578447
2023-04-06,90,30,Put,1.4212328402907772
2023-04-07,90,30,Put,1.3781675847799235
2023-04-10,90,30,Call,7.48855967315626
2023-04-11,90,30,Put,1.4068413507827557
2023-04-12,90,30,Put,1.2370807505022618
2023-04-13,90,30,Call,8.205054675203371
2023-04-14,90,30,Call,8.822702671796819
2023-04-17,90,30,Call,7.817039126731174
2023-04-18,90,30,Call,8.133853433647928
2023-04-19,90,30,Put,1.2478568019180045
2023-04-20,90,30,Put,1.27778761130838
2023-04-21,90,30,Put,1.2663646526322978
2023-04-24,90,30,Call,7.371948457273092
2023-04-25,90,30,Call,7.2981143514835765
2023-04-26,90,30,Call,7.433414306411322
2023-04-27,90,30,Call,7.988501663801344
2023-04-28,90,30,Put,1.3545376419630166
2023-05-01,90,30,Put,1.4449878174635629
2023-05-02,90,30,Put,1.5026051799592928
2023-05-03,90,30,Call,7.6700154182099
2023-05-04,90,30,Put,1.3548832908297825
2023-05-05,90,30,Call,7.607313906212028
2023-05-08,90,30,Put,1.353212730828531
2023-05-09,90,30,Put,1.340699981728882
2023-05-10,90,30,Put,1.2351702082847886
2023-05-11,90,30,Call,7.958357451088688
2023-05-12,90,30,Call,7.840956169907372
2023-05-15,90,30,Put,1.3843426562242662
2023-05-16,90,30,Put,1.5555275678046314
2023-05-17,90,30,Call,7.284625690386989
2023-05-18,90,30,Put,1.4841440526292473
2023-05-19,90,30,Call,7.39242768467669
2023-05-22,90,30,Call,7.313091543257229
2023-05-23,90,30,Put,1.6836616281019197
2023-05-24,90,30,Put,1.737173113638562
2023-05-25,90,30,Call,5.309655261773642
2023-05-26,90,30,Put,0.5955172229903063
2023-05-29,90,30,Put,0.6090302461474906
2023-05-30,90,30,Call,5.109883342852754
2023-05-31,90,30,Call,7.047560438333726
2023-06-01,90,30,Call,7.115183800029627
2023-06-02,90,30,Call,7.212896111676045
2023-06-05,90,30,Put,1.5489004144672762
2023-06-06,90,30,Put,0.535590748465296
2023-06-07,90,30,Call,5.262869404537341
2023-06-08,90,30,Call,5.292671796368921
2023-06-09,90,30,Put,1.4715136577225785
2023-06-12,90,30,Call,7.359324276643008
2023-06-13,90,30,Put,1.4549224121713138
2023-06-14,90,30,Put,1.4571507138880264
2023-06-15,90,30,Put,1.5974092007998095
2023-06-16,90,30,Put,1.456487501541595
2023-06-19,90,30,Put,1.3683093387253358
2023-06-20,90,30,Put,1.2799920577704533
2023-06-21,90,30,Put,1.3780817837313535
2023-06-22,90,30,Call,8.25802918347513
2023-06-23,90,30,Call,7.7331642150118824
2023-06-26,90,30,Call,7.959180842830946
2023-06-27,90,30,Call,8.814803108794223
2023-06-28,90,30,Put,1.1792773990712355
2023-06-29,90,30,Put,1.2355088408449149
2023-06-30,90,30,Call,8.262946272677894
2023-07-03,90,30,Put,1.2746686719177909
2023-07-04,90,30,Call,7.502770992563569
2023-07-05,90,30,Put,1.4361652463351398
2023-07-06,90,30,Call,7.1545670163787705
2023-07-07,90,30,Put,1.5020675470564022
2023-07-10,90,30,Call,7.007359772837738
2023-07-11,90,30,Call,7.572232617006051
2023-07-12,90,30,Call,7.292410831852408
2023-07-13,90,30,Put,1.552183411790061
2023-07-14,90,30,Call,7.482467903162302
2023-07-17,90,30,Call,7.044867998549982
2023-07-18,90,30,Call,7.1313245655141415
2023-07-19,90,30,Call,7.611474822419709
2023-07-20,90,30,Call,7.035788376816782
2023-07-21,90,30,Put,1.578343463893674
2023-07-24,90,30,Call,7.205418274144847
2023-07-25,90,30,Call,7.494487250748364
2023-07-26,90,30,Call,7.054348559748924
2023-07-27,90,30,Put,0.5178115164205579
2023-07-28,90,30,Put,1.6954601062507066
2023-07-31,90,30,Call,6.8942698943702965
2023-08-01,90,30,Call,6.987844566346155
2023-08-02,90,30,Put,1.5750850975849566
2023-08-03,90,30,Call,6.881726541042852
2023-08-04,90,30,Put,1.6275322857894778
2023-08-07,90,30,Put,1.588503540533548
2023-08-08,90,30,Put,1.677782043307836
2023-08-09,90,30,Put,1.4453185013401715
2023-08-10,90,30,Call,7.685447593314166
2023-08-11,90,30,Put,1.5271401842061358
2023-08-14,90,30,Call,7.499888792546727
2023-08-15,90,30,Call,7.152939395118288
2023-08-16,90,30,Call,7.442815795284417
2023-08-17,90,30,Call,7.8777815686243855
2023-08-18,90,30,Put,1.4221264308941812
2023-08-21,90,30,Call,7.94339237932374
2023-08-22,90,30,Call,8.10598869487957
2023-08-23,90,30,Put,1.17996838789961
2023-08-24,90,30,Call,9.188705486113633
2023-08-25,90,30,Call,9.095772252205279
2023-08-28,90,30,Call,8.800192604940065
2023-08-29,90,30,Call,8.456395145018902
2023-08-30,90,30,Call,8.147574074123966
2023-08-31,90,30,Put,1.261342452752558
2023-09-01,90,30,Call,8.26098175620099
2023-09-04,90,30,Call,8.373973674465944
2023-09-05,90,30,Put,1.1110799377239715
2023-09-06,90,30,Put,1.108325579513199
2023-09-07,90,30,Put,0.9743937862033647
2023-09-08,90,30,Call,9.20436602394524
2023-09-11,90,30,Call,10.34627458058435
2023-09-12,90,30,Put,0.7312114743928699
2023-09-13,90,30,Call,10.260743058946858
2023-09-14,90,30,Put,0.8720708209739243
2023-09-15,90,30,Call,10.02424152779004
2023-09-18,90,30,Call,9.936672701608018
2023-09-19,90,30,Call,10.245854775233227
2023-09-20,90,30,Put,0.7584006570545228
2023-09-21,90,30,Put,0.7624745933870258
2023-09-22,90,30,Put,0.8237735903052865
2023-09-25,90,30,Put,0.944090388531535
2023-09-26,90,30,Call,9.274337186419075
2023-09-27,90,30,Call,9.632908500257855
2023-09-28,90,30,Call,9.728460478705287
2023-09-29,90,30,Call,9.222250951009428
2023-10-02,90,30,Call,9.299179274386091
2023-10-03,90,30,Call,9.463485631309027
2023-10-04,90,30,Call,9.109561931040034
2023-10-05,90,30,Call,9.178152425760132
2023-10-06,90,30,Put,0.9953311466883541
2023-10-09,90,30,Put,1.0985482096339858
2023-10-10,90,30,Put,1.0634748875731113
2023-10-11,90,30,Call,9.136357144145052
2023-10-12,90,30,Call,9.586015443066245
2023-10-13,90,30,Put,0.8315074882215132
2023-10-16,90,30,Call,9.465377395599063
2023-10-17,90,30,Call,9.089627246461944
2023-10-18,90,30,Put,0.9745304177836331
2023-10-19,90,30,Put,0.9294562336984242
2023-10-20,90,30,Call,9.742482808961583
2023-10-23,90,30,Call,11.414739427994263
2023-10-24,90,30,Call,11.678223682998095
2023-10-25,90,30,Call,12.20245772458415
2023-10-26,90,30,Call,12.651130651403491
2023-10-27,90,30,Call,12.963452494101134
2023-10-30,90,30,Call,12.822868605679673
2023-10-31,90,30,Call,13.18769028947591
2023-11-01,90,30,Put,0.450171469001015
2023-11-02,90,30,Put,0.46059581194483457
2023-11-03,90,30,Put,0.48339904597000327
2023-11-06,90,30,Call,12.554451429546702
2023-11-07,90,30,Call,13.65481149444085
2023-11-08,90,30,Call,12.777686221930495
2023-11-09,90,30,Put,0.4233941196193154
2023-11-10,90,30,Put,0.4993820756079277
2023-11-13,90,30,Put,0.523028733951941
2023-11-14,90,30,Put,0.4672774766699739
2023-11-15,90,30,Call,12.699938966874043
2023-11-16,90,30,Put,0.5165788364965014
2023-11-17,90,30,Put,0.5542274974757273
2023-11-20,90,30,Call,12.20623335030676
2023-11-21,90,30,Put,0.5552953928460784
2023-11-22,90,30,Call,11.985413033674845
2023-11-23,90,30,Call,12.01339203262593
2023-11-24,90,30,Put,0.5745443136570838
2023-11-27,90,30,Call,12.71699669293912
2023-11-28,90,30,Call,13.021705616384622
2023-11-29,90,30,Call,12.088402690765292
2023-11-30,90,30,Put,0.5196703928906352
2023-12-01,90,30,Call,11.885976712210123
2023-12-04,90,30,Put,0.5081048617503967
2023-12-05,90,30,Put,0.5494854130214133
2023-12-06,90,30,Put,0.5549500848451405
2023-12-07,90,30,Call,12.120143802506945
2023-12-08,90,30,Put,0.4815327839485093
2023-12-11,90,30,Put,0.5429900631406532
2023-12-12,90,30,Call,11.836639232007357
2023-12-13,90,30,Put,0.5867165952029652
2023-12-14,90,30,Put,0.6246397092223681
2023-12-15,90,30,Put,0.5233723166561077
2023-12-18,90,30,Put,0.5015197484696152
2023-12-19,90,30,Put,0.5684415608126425
2023-12-20,90,30,Put,0.5176269805257352
2023-12-21,90,30,Call,13.196315157376574
2023-12-22,90,30,Put,0.37138394784271433
2023-12-25,90,30,Put,0.435432095547883
2023-12-26,90,30,Call,12.761586544398142
2023-12-27,90,30,Put,0.399705268575385
2023-12-28,90,30,Call,13.038912591626485
2023-12-29,90,30,Put,0.4096442496402126
2023-01-02,90,60,Put,1.7132468744682754
2023-01-03,90,60,Put,1.6618224645493065
2023-01-04,90,60,Put,1.674009389939755
2023-01-05,90,60,Put,1.608814851187926
2023-01-06,90,60,Put,1.4650240299269583
2023-01-09,90,60,Put,1.4848114482769539
2023-01-10,90,60,Put,1.5048010242604342
2023-01-11,90,60,Put,1.3634512077669214
2023-01-12,90,60,Put,1.2979051763192295
2023-01-13,90,60,Put,1.3355737762624216
2023-01-16,90,60,Call,13.949656843164703
2023-01-17,90,60,Call,13.755948538287257
2023-01-18,90,60,Put,1.364294477198392
2023-01-19,90,60,Call,13.673161559770719
2023-01-20,90,60,Call,12.869487112239469
2023-01-23,90,60,Put,1.6738589005898028
2023-01-24,90,60,Call,11.946322886364982
2023-01-25,90,60,Call,11.549669005470491
2023-01-26,90,60,Put,1.798235315266787
2023-01-27,90,60,Put,1.8939922893186534
2023-01-30,90,60,Call,10.791217910713797
2023-01-31,90,60,Call,11.36225225775415
2023-02-01,90,60,Put,1.9077239397592187
2023-02-02,90,60,Put,1.8985811034355677
2023-02-03,90,60,Put,2.057698394824371
2023-02-06,90,60,Put,2.1198517752068433
2023-02-07,90,60,Call,10.618544073886653
2023-02-08,90,60,Put,2.242215392991845
2023-02-09,90,60,Put,2.194130626992397
2023-02-10,90,60,Call,10.124497205356505
2023-02-13,90,60,Put,2.3008746461504828
2023-02-14,90,60,Put,2.3756437605731016
2023-02-15,90,60,Call,10.497405566641987
2023-02-16,90,60,Call,10.498248378797584
2023-02-17,90,60,Call,10.112177842524694
2023-02-20,90,60,Call,10.422152604646932
2023-02-21,90,60,Put,2.3166102360161744
2023-02-22,90,60,Put,2.2882648063511724
2023-02-23,90,60,Call,9.363583502656759
2023-02-24,90,60,Put,2.724194604813615
2023-02-27,90,60,Put,2.694074019926987
2023-02-28,90,60,Put,2.5891105497037614
2023-03-01,90,60,Put,2.5635233364283643
2023-03-02,90,60,Put,2.577161725689667
2023-03-03,90,60,Put,2.6164010370399495
2023-03-06,90,60,Put,2.8241649218755924
2023-03-07,90,60,Put,2.9281543769749057
2023-03-08,90,60,Call,8.293955038196387
2023-03-09,90,60,Call,8.649079954351812
2023-03-10,90,60,Call,8.770007232559564
2023-03-13,90,60,Call,8.19135357108594
2023-03-14,90,60,Put,2.9914455098754225
2023-03-15,90,60,Put,3.0478581097702317
2023-03-16,90,60,Call,5.987246810469557
2023-03-17,90,60,Call,8.170847681308253
2023-03-20,90,60,Call,8.514174128771785
2023-03-21,90,60,Put,2.756699295119734
2023-03-22,90,60,Put,2.876562856886281
2023-03-23,90,60,Put,2.9201389844739296
2023-03-24,90,60,Put,2.8686604202100767
2023-03-27,90,60,Call,8.907340636765227
2023-03-28,90,60,Call,8.750147277210644
2023-03-29,90,60,Put,2.8162207881501367
2023-03-30,90,60,Call,8.330916063397495
2023-03-31,90,60,Call,5.96508161482177
2023-04-03,90,60,Put,3.0317015983189286
2023-04-04,90,60,Put,2.8265368091218193
2023-04-05,90,60,Put,2.834755330722139
2023-04-06,90,60,Put,2.688424258534539
2023-04-07,90,60,Put,2.6356150782213454
2023-04-10,90,60,Put,2.7240967588912
2023-04-11,90,60,Put,2.6708287375681543
2023-04-12,90,60,Put,2.459099046061059
2023-04-13,90,60,Call,9.575220827328238
2023-04-14,90,60,Put,2.2588059572609254
2023-04-17,90,60,Call,9.21526852853924
2023-04-18,90,60,Put,2.486464169416262
2023-04-19,90,60,Call,9.545682787442999
2023-04-20,90,60,Put,2.5106108454888307
2023-04-21,90,60,Put,2.4962057073963457
2023-04-24,90,60,Call,8.801004778787458
2023-04-25,90,60,Call,8.732119927985238
2023-04-26,90,60,Call,8.858312436499219
2023-04-27,90,60,Put,2.537799886241082
2023-04-28,90,60,Put,2.606435428687277
2023-05-01,90,60,Call,8.9258845181416
2023-05-02,90,60,Call,8.76087116546681
2023-05-03,90,60,Call,9.078604262648327
2023-05-04,90,60,Call,9.197830831273592
2023-05-05,90,60,Put,2.6784212546911164
2023-05-08,90,60,Call,9.203044095901532
2023-05-09,90,60,Put,2.589278972453272
2023-05-10,90,60,Put,2.4566690939095466
2023-05-11,90,60,Put,2.5485998749621537
2023-05-12,90,60,Call,9.237485171394255
2023-05-15,90,60,Put,2.643216364211195
2023-05-16,90,60,Put,2.850247346027462
2023-05-17,90,60,Call,8.719529924600245
2023-05-18,90,60,Put,2.764749868758276
2023-05-19,90,60,Call,8.820102354290213
2023-05-22,90,60,Put,2.793301335785433
2023-05-23,90,60,Put,3.001014849485532
2023-05-24,90,60,Call,8.149871414372477
2023-05-25,90,60,Put,1.1413752217322823
2023-05-26,90,60,Put,1.2347944854441657
2023-05-29,90,60,Put,1.25268048929669
2023-05-30,90,60,Put,1.2016007906484063
2023-05-31,90,60,Call,8.497965498041879
2023-06-01,90,60,Put,2.873916471137232
2023-06-02,90,60,Call,8.652549826465993
2023-06-05,90,60,Put,2.8423572680051485
2023-06-06,90,60,Call,6.033009087072784
2023-06-07,90,60,Call,6.02913008462788
2023-06-08,90,60,Call,6.056534451571281
2023-06-09,90,60,Put,2.7495018274199126
2023-06-12,90,60,Put,2.774864435768407
2023-06-13,90,60,Put,2.729415102993304
2023-06-14,90,60,Call,8.890500015826952
2023-06-15,90,60,Call,8.502907801572881
2023-06-16,90,60,Call,8.892421693431743
2023-06-19,90,60,Put,2.623459386529859
2023-06-20,90,60,Call,9.438171615861094
2023-06-21,90,60,Call,9.126100983695466
2023-06-22,90,60,Put,2.4435568185097694
2023-06-23,90,60,Put,2.63100434856754
2023-06-26,90,60,Call,9.347245295329067
2023-06-27,90,60,Call,10.139154962693738
2023-06-28,90,60,Call,9.784753529824386
2023-06-29,90,60,Put,2.457099870616915
2023-06-30,90,60,Call,9.62884478285465
2023-07-03,90,60,Put,2.5066814491426683
2023-07-04,90,60,Put,2.7185821802446846
2023-07-05,90,60,Put,2.7066269191673626
2023-07-06,90,60,Call,8.5980456060621
2023-07-07,90,60,Call,8.762380957670622
2023-07-10,90,60,Call,8.460335761304357
2023-07-11,90,60,Put,2.691818842442018
2023-07-12,90,60,Call,8.726796605686623
2023-07-13,90,60,Put,2.8462670848934444
2023-07-14,90,60,Call,8.904023502588338
2023-07-17,90,60,Put,2.903237661233028
2023-07-18,90,60,Put,2.8672369226856027
2023-07-19,90,60,Put,2.676837451561557
2023-07-20,90,60,Put,2.9070503867325037
2023-07-21,90,60,Call,8.553507027582562
2023-07-24,90,60,Call,8.645564235053087
2023-07-25,90,60,Put,2.721794993024151
2023-07-26,90,60,Call,8.504317792544526
2023-07-27,90,60,Put,1.1294149715457173
2023-07-28,90,60,Call,8.252089837273736
2023-07-31,90,60,Call,8.35438292047045
2023-08-01,90,60,Call,8.442062284423947
2023-08-02,90,60,Put,2.8734770822028466
2023-08-03,90,60,Call,8.342622277753307
2023-08-04,90,60,Call,8.424209271499187
2023-08-07,90,60,Put,2.889368270195444
2023-08-08,90,60,Put,2.9941679498787614
2023-08-09,90,60,Call,8.924918490706432
2023-08-10,90,60,Call,9.092956818704366
2023-08-11,90,60,Call,8.692550901375483
2023-08-14,90,60,Call,8.920252300434647
2023-08-15,90,60,Call,8.596524224333926
2023-08-16,90,60,Put,2.7419382062908753
2023-08-17,90,60,Put,2.577732623608753
2023-08-18,90,60,Put,2.6895150931895238
2023-08-21,90,60,Call,9.332592817287988
2023-08-22,90,60,Put,2.4962115585140694
2023-08-23,90,60,Call,9.782275729533538
2023-08-24,90,60,Call,10.484187393839655
2023-08-25,90,60,Call,10.398474058469532
2023-08-28,90,60,Put,2.2658612821452238
2023-08-29,90,60,Call,9.807898879257657
2023-08-30,90,60,Put,2.4816807140553614
2023-08-31,90,60,Call,9.500229582869999
2023-09-01,90,60,Put,2.4425470208014914
2023-09-04,90,60,Put,2.4042604306213207
2023-09-05,90,60,Call,10.036751136283009
2023-09-06,90,60,Put,2.2926911487102792
2023-09-07,90,60,Put,2.1131701408296166
2023-09-08,90,60,Call,10.498628679140921
2023-09-11,90,60,Call,11.550247814525463
2023-09-12,90,60,Call,11.80460772565172
2023-09-13,90,60,Call,11.471539822839304
2023-09-14,90,60,Call,11.061051505866132
2023-09-15,90,60,Put,1.9152118349226832
2023-09-18,90,60,Put,1.9382251970792908
2023-09-19,90,60,Put,1.8582683893628555
2023-09-20,90,60,Call,11.650664530138243
2023-09-21,90,60,Call,11.628067398401413
2023-09-22,90,60,Put,1.9016915114305313
2023-09-25,90,60,Put,2.0715089743195385
2023-09-26,90,60,Call,10.563143516040114
2023-09-27,90,60,Put,2.0203953526217973
2023-09-28,90,60,Call,10.98155914207365
2023-09-29,90,60,Call,10.515120288202915
2023-10-02,90,60,Call,10.586045107749314
2023-10-03,90,60,Put,2.067861777531938
2023-10-04,90,60,Call,10.411194141426868
2023-10-05,90,60,Call,10.474455529588226
2023-10-06,90,60,Call,10.502128831346838
2023-10-09,90,60,Call,10.084737864716281
2023-10-10,90,60,Call,10.222008031640549
2023-10-11,90,60,Call,10.435909255201707
2023-10-12,90,60,Put,2.0334131775227
2023-10-13,90,60,Call,11.262254082802158
2023-10-16,90,60,Call,10.739219526068638
2023-10-17,90,60,Put,2.176989300707646
2023-10-18,90,60,Call,10.591451067348913
2023-10-19,90,60,Call,10.791693735109575
2023-10-20,90,60,Call,10.994472094865301
2023-10-23,90,60,Put,1.5860796858345445
2023-10-24,90,60,Put,1.5306554654709927
2023-10-25,90,60,Call,13.258996936626133
2023-10-26,90,60,Call,13.672763464553654
2023-10-27,90,60,Put,1.2871958740041585
2023-10-30,90,60,Call,13.831263717272535
2023-10-31,90,60,Call,14.16821940089278
2023-11-01,90,60,Call,13.838892330763926
2023-11-02,90,60,Call,13.743443303091183
2023-11-03,90,60,Put,1.368449962560394
2023-11-06,90,60,Put,1.3601195939998583
2023-11-07,90,60,Put,1.1726541031005997
2023-11-08,90,60,Call,13.789556913050333
2023-11-09,90,60,Put,1.2624240963884592
2023-11-10,90,60,Put,1.3958973703895943
2023-11-13,90,60,Put,1.4359524058221211
2023-11-14,90,60,Call,13.683361143668478
2023-11-15,90,60,Call,13.717802196432402
2023-11-16,90,60,Put,1.4250903075556387
2023-11-17,90,60,Put,1.4878558115045983
2023-11-20,90,60,Call,13.26247703927585
2023-11-21,90,60,Put,1.4896143476587618
2023-11-22,90,60,Put,1.4685311585902774
2023-11-23,90,60,Put,1.4630018961711606
2023-11-24,90,60,Put,1.5211164398007035
2023-11-27,90,60,Put,1.3306566039507963
2023-11-28,90,60,Put,1.2771317038971084
2023-11-29,90,60,Put,1.448282123928891
2023-11-30,90,60,Call,13.239292866825679
2023-12-01,90,60,Put,1.488354346829908
2023-12-04,90,60,Call,13.333446303283296
2023-12-05,90,60,Call,13.005682314375719
2023-12-06,90,60,Put,1.4890458453662951
2023-12-07,90,60,Call,13.183132726831317
2023-12-08,90,60,Put,1.3652245861319798
2023-12-11,90,60,Call,13.055504275238704
2023-12-12,90,60,Put,1.498290888018083
2023-12-13,90,60,Put,1.5408510613204172
2023-12-14,90,60,Put,1.6014626345073069
2023-12-15,90,60,Call,13.20958683736805
2023-12-18,90,60,Call,13.387991548282045
2023-12-19,90,60,Call,12.863499998831003
2023-12-20,90,60,Put,1.4268586374485643
2023-12-21,90,60,Call,14.176189907857022
2023-12-22,90,60,Put,1.1661321485101332
2023-12-25,90,60,Call,13.97757998178379
2023-12-26,90,60,Put,1.3226864330709027
2023-12-27,90,60,Put,1.2191227443773833
2023-12-28,90,60,Put,1.2741739133758223
2023-12-29,90,60,Put,1.237398522527668
2023-01-02,90,90,Call,13.058708693681012
2023-01-03,90,90,Put,2.5557080240850745
2023-01-04,90,90,Call,13.2094722849968
2023-01-05,90,90,Put,2.4932062746361154
2023-01-06,90,90,Call,14.079159771190305
2023-01-09,90,90,Put,2.345342128916716
2023-01-10,90,90,Put,2.3693420659073077
2023-01-11,90,90,Call,14.548876673823528
2023-01-12,90,90,Put,2.1175655674661797
2023-01-13,90,90,Put,2.1639898633155
2023-01-16,90,90,Call,14.914625883227515
2023-01-17,90,90,Call,14.729575782477113
2023-01-18,90,90,Put,2.199203142885313
2023-01-19,90,90,Put,2.1724220464449395
2023-01-20,90,90,Call,13.88236808609517
2023-01-23,90,90,Put,2.569844662569892
2023-01-24,90,90,Put,2.634402414566555
2023-01-25,90,90,Put,2.7551890904632295
2023-01-26,90,90,Call,12.744045991978588
2023-01-27,90,90,Call,12.407499264562958
2023-01-30,90,90,Put,3.0039717004380257
2023-01-31,90,90,Put,2.8144146294960315
2023-02-01,90,90,Put,2.8407550860407333
2023-02-02,90,90,Call,12.391819144559811
2023-02-03,90,90,Put,3.011094527471492
2023-02-06,90,90,Put,3.080994440144611
2023-02-07,90,90,Call,11.725189093623804
2023-02-08,90,90,Put,3.217512436597847
2023-02-09,90,90,Call,11.457609291232835
2023-02-10,90,90,Put,3.2441725254613587
2023-02-13,90,90,Put,3.282469209212856
2023-02-14,90,90,Put,3.3648322846036223
2023-02-15,90,90,Call,11.608700941832069
2023-02-16,90,90,Call,11.609511587173785
2023-02-17,90,90,Call,11.237882792481763
2023-02-20,90,90,Put,3.1342775736236064
2023-02-21,90,90,Call,11.108759768837452
2023-02-22,90,90,Put,3.268531295104399
2023-02-23,90,90,Put,3.5464399532038122
2023-02-24,90,90,Call,10.075594666300624
2023-02-27,90,90,Put,3.710655740513168
2023-02-28,90,90,Put,3.597497098669372
2023-03-01,90,90,Put,3.5697924022683587
2023-03-02,90,90,Put,3.5845654195827095
2023-03-03,90,90,Put,3.6269935145489853
2023-03-06,90,90,Call,9.847645096069073
2023-03-07,90,90,Put,3.9603583254799126
2023-03-08,90,90,Call,9.477346587405712
2023-03-09,90,90,Call,9.822842626508418
2023-03-10,90,90,Put,3.806000971811951
2023-03-13,90,90,Put,4.08197950466748
2023-03-14,90,90,Put,4.027289614329462
2023-03-15,90,90,Call,9.368016028284337
2023-03-16,90,90,Put,1.6869445681534465
2023-03-17,90,90,Call,9.35734979647868
2023-03-20,90,90,Put,3.9250474756078795
2023-03-21,90,90,Call,10.000493943514407
2023-03-22,90,90,Put,3.9056218211022404
2023-03-23,90,90,Put,3.951864928162216
2023-03-24,90,90,Call,9.74899928764387
2023-03-27,90,90,Call,10.073535274257964
2023-03-28,90,90,Put,3.815080796100233
2023-03-29,90,90,Call,9.865435447347842
2023-03-30,90,90,Put,4.013184533262336
2023-03-31,90,90,Call,6.631454015035217
2023-04-03,90,90,Call,9.401342968436786
2023-04-04,90,90,Put,3.852389166629319
2023-04-05,90,90,Put,3.861145282774732
2023-04-06,90,90,Put,3.7045844910257806
2023-04-07,90,90,Call,10.28528995833436
2023-04-10,90,90,Call,10.075822201300006
2023-04-11,90,90,Put,3.685662215116146
2023-04-12,90,90,Put,3.456216560064881
2023-04-13,90,90,Call,10.719920111519087
2023-04-14,90,90,Call,11.27089755451884
2023-04-17,90,90,Call,10.371876339668553
2023-04-18,90,90,Put,3.4860607614897248
2023-04-19,90,90,Put,3.4711484106619963
2023-04-20,90,90,Put,3.512346746734508
2023-04-21,90,90,Call,10.631230843473261
2023-04-24,90,90,Put,3.7918823524059952
2023-04-25,90,90,Call,9.903498727831717
2023-04-26,90,90,Put,3.765949668153155
2023-04-27,90,90,Call,10.525882033186036
2023-04-28,90,90,Call,10.356040601476138
2023-05-01,90,90,Call,10.091518640484573
2023-05-02,90,90,Put,3.8101745962473252
2023-05-03,90,90,Put,3.668268166045216
2023-05-04,90,90,Put,3.6166909590399925
2023-05-05,90,90,Call,10.183016977103335
2023-05-08,90,90,Call,10.360043484856334
2023-05-09,90,90,Call,10.39803929368506
2023-05-10,90,90,Call,10.73312957142302
2023-05-11,90,90,Call,10.498831434530913
2023-05-12,90,90,Put,3.5997320854127395
2023-05-15,90,90,Call,10.26699830812128
2023-05-16,90,90,Put,3.8776390713317355
2023-05-17,90,90,Put,3.8291313139522245
2023-05-18,90,90,Call,9.982042043840423
2023-05-19,90,90,Put,3.7832160168565814
2023-05-22,90,90,Put,3.8169357093287672
2023-05-23,90,90,Call,9.465184234593693
2023-05-24,90,90,Put,4.102714146742166
2023-05-25,90,90,Call,6.7342157372862275
2023-05-26,90,90,Put,1.7606509459858017
2023-05-29,90,90,Put,1.7805034648675964
2023-05-30,90,90,Put,1.7236713343448606
2023-05-31,90,90,Put,3.9327446912384154
2023-06-01,90,90,Call,9.73745718129885
2023-06-02,90,90,Put,3.860092882290406
2023-06-05,90,90,Call,9.80710933776058
2023-06-06,90,90,Put,1.6702421448525087
2023-06-07,90,90,Call,6.692935642309436
2023-06-08,90,90,Call,6.7192334060214876
2023-06-09,90,90,Call,10.017040181385724
2023-06-12,90,90,Put,3.7972376722841723
2023-06-13,90,90,Put,3.748584056855833
2023-06-14,90,90,Put,3.7514799225152267
2023-06-15,90,90,Call,9.680747611896699
2023-06-16,90,90,Put,3.7506182060233755
2023-06-19,90,90,Put,3.634613682136532
2023-06-20,90,90,Call,10.587489033636217
2023-06-21,90,90,Put,3.647614616619183
2023-06-22,90,90,Call,10.76731269562007
2023-06-23,90,90,Put,3.642755265236339
2023-06-26,90,90,Put,3.553290851191086
2023-06-27,90,90,Call,11.26387070919025
2023-06-28,90,90,Put,3.3751857888109313
2023-06-29,90,90,Call,10.732009872839363
2023-06-30,90,90,Put,3.437402406164516
2023-07-03,90,90,Put,3.508072268636976
2023-07-04,90,90,Call,10.088660387029506
2023-07-05,90,90,Call,10.116590040776408
2023-07-06,90,90,Call,9.773249273901392
2023-07-07,90,90,Put,3.8094844891623936
2023-07-10,90,90,Call,9.639333612462515
2023-07-11,90,90,Put,3.7082325829042517
2023-07-12,90,90,Put,3.8257908018297684
2023-07-13,90,90,Call,9.798434535338338
2023-07-14,90,90,Put,3.745420896267909
2023-07-17,90,90,Call,9.673489554607677
2023-07-18,90,90,Put,3.8957099633346886
2023-07-19,90,90,Put,3.69212640870348
2023-07-20,90,90,Call,9.665223614406962
2023-07-21,90,90,Call,9.729953010980381
2023-07-24,90,90,Call,9.81942676963174
2023-07-25,90,90,Call,10.081177383524334
2023-07-26,90,90,Call,9.682119017916065
2023-07-27,90,90,Call,6.770385913912122
2023-07-28,90,90,Call,9.436552896016863
2023-07-31,90,90,Put,4.001760732226302
2023-08-01,90,90,Put,3.959437274907774
2023-08-02,90,90,Put,3.9023427717853743
2023-08-03,90,90,Call,9.524750802580712
2023-08-04,90,90,Call,9.604179173457055
2023-08-07,90,90,Put,3.919223012709214
2023-08-08,90,90,Call,9.479526672710243
2023-08-09,90,90,Call,10.090581867516306
2023-08-10,90,90,Put,3.662012091569647
2023-08-11,90,90,Call,9.865071620720997
2023-08-14,90,90,Call,10.086056899857255
2023-08-15,90,90,Put,3.8862294649353757
2023-08-16,90,90,Call,10.034478956504124
2023-08-17,90,90,Put,3.5851835144589757
2023-08-18,90,90,Call,10.156799947909583
2023-08-21,90,90,Call,10.485398362739112
2023-08-22,90,90,Call,10.631215891655842
2023-08-23,90,90,Put,3.376164040650398
2023-08-24,90,90,Call,11.595986904712937
2023-08-25,90,90,Call,11.513526483840295
2023-08-28,90,90,Put,3.2437336999477893
2023-08-29,90,90,Call,10.944536195394676
2023-08-30,90,90,Put,3.4808481711325
2023-08-31,90,90,Call,10.64746823872565
2023-09-01,90,90,Put,3.438136477806154
2023-09-04,90,90,Put,3.3962314048719726
2023-09-05,90,90,Put,3.2774258371235625
2023-09-06,90,90,Call,11.175324322847047
2023-09-07,90,90,Put,3.0734985770998478
2023-09-08,90,90,Call,11.609877372079943
2023-09-11,90,90,Put,2.755008370449847
2023-09-12,90,90,Put,2.6768629807666358
2023-09-13,90,90,Call,12.544076246110869
2023-09-14,90,90,Call,12.150278637687691
2023-09-15,90,90,Put,2.8493187359459924
2023-09-18,90,90,Call,12.257978014782765
2023-09-19,90,90,Call,12.530939692012055
2023-09-20,90,90,Call,12.715778072862939
2023-09-21,90,90,Put,2.7308318926276876
2023-09-22,90,90,Put,2.8338513168955792
2023-09-25,90,90,Call,11.828132742190895
2023-09-26,90,90,Put,3.083740681736689
2023-09-27,90,90,Call,11.989452869263872
2023-09-28,90,90,Call,12.073962044888212
2023-09-29,90,90,Call,11.625739001996102
2023-10-02,90,90,Call,11.69394299706773
2023-10-03,90,90,Call,11.839504434431447
2023-10-04,90,90,Put,3.138245660988847
2023-10-05,90,90,Call,11.586625788174892
2023-10-06,90,90,Put,3.105493893125999
2023-10-09,90,90,Put,3.2591908054861705
2023-10-10,90,90,Call,11.343666360571753
2023-10-11,90,90,Call,11.549544443608625
2023-10-12,90,90,Call,11.947963899759294
2023-10-13,90,90,Call,12.343358902446035
2023-10-16,90,90,Put,3.021946634798134
2023-10-17,90,90,Put,3.1449173789726785
2023-10-18,90,90,Call,11.699140816266663
2023-10-19,90,90,Put,3.0038077851236302
2023-10-20,90,90,Put,2.934878195549423
2023-10-23,90,90,Put,2.466273486685804
2023-10-24,90,90,Put,2.4002877553748974
2023-10-25,90,90,Put,2.274571786179493
2023-10-26,90,90,Put,2.172517833886289
2023-10-27,90,90,Put,2.104315817702293
2023-10-30,90,90,Put,2.134735224268198
2023-10-31,90,90,Call,15.123397539229742
2023-11-01,90,90,Put,2.1329345493813356
2023-11-02,90,90,Put,2.1555818861941383
2023-11-03,90,90,Call,14.524938480925485
2023-11-06,90,90,Put,2.1940941251779513
2023-11-07,90,90,Call,15.535998951221117
2023-11-08,90,90,Call,14.761683473484467
2023-11-09,90,90,Put,2.073578570034499
2023-11-10,90,90,Put,2.2377730802999487
2023-11-13,90,90,Call,14.210122169612092
2023-11-14,90,90,Call,14.66022717638208
2023-11-15,90,90,Put,2.1617094928442526
2023-11-16,90,90,Call,14.25974944270287
2023-11-17,90,90,Put,2.349001483649257
2023-11-20,90,90,Call,14.25804596384232
2023-11-21,90,90,Put,2.351114566705526
2023-11-22,90,90,Call,14.063540447976834
2023-11-23,90,90,Call,14.088182900469661
2023-11-24,90,90,Call,13.833814066222033
2023-11-27,90,90,Call,14.708171157985106
2023-11-28,90,90,Put,2.091843148297336
2023-11-29,90,90,Put,2.3013130090264333
2023-11-30,90,90,Put,2.2795588101928814
2023-12-01,90,90,Put,2.3496005826870068
2023-12-04,90,90,Call,14.325871916458453
2023-12-05,90,90,Put,2.3395950401332293
2023-12-06,90,90,Put,2.350431501520813
2023-12-07,90,90,Call,14.182210222113824
2023-12-08,90,90,Call,14.540374067212738
2023-12-11,90,90,Call,14.060211962295142
2023-12-12,90,90,Call,13.932516943525556
2023-12-13,90,90,Put,2.4124618935295103
2023-12-14,90,90,Put,2.484505002586644
2023-12-15,90,90,Call,14.207495231022833
2023-12-18,90,90,Call,14.37799819630257
2023-12-19,90,90,Put,2.3769734164426346
2023-12-20,90,90,Call,14.25164398155843
2023-12-21,90,90,Put,2.0549131248647647
2023-12-22,90,90,Put,1.9528555806961094
2023-12-25,90,90,Call,14.941299319586662
2023-12-26,90,90,Call,14.74748709337537
2023-12-27,90,90,Call,15.281369512482556
2023-12-28,90,90,Put,2.088173597403941
2023-12-29,90,90,Call,15.183899519431634
2023-01-02,100,30,Put,2.2040868906830653
2023-01-03,100,30,Put,2.0830215478896363
2023-01-04,100,30,Call,2.4725285712407867
2023-01-05,100,30,Call,2.656435658740861
2023-01-06,100,30,Call,3.1151170773335366
2023-01-09,100,30,Call,3.047292161971818
2023-01-10,100,30,Call,2.980369765084653
2023-01-11,100,30,Call,3.489668912402962
2023-01-12,100,30,Put,1.2817388524819862
2023-01-13,100,30,Put,1.3591965617497266
2023-01-16,100,30,Put,1.2643378005323314
2023-01-17,100,30,Put,1.3400131028080366
2023-01-18,100,30,Call,3.4863671084249432
2023-01-19,100,30,Put,1.3734732414508173
2023-01-20,100,30,Put,1.7352478992510854
2023-01-23,100,30,Put,2.1112189682727163
2023-01-24,100,30,Call,2.327699355523265
2023-01-25,100,30,Put,2.492004776829944
2023-01-26,100,30,Call,2.1580952777573046
2023-01-27,100,30,Put,2.6403613773237424
2023-01-30,100,30,Put,3.0307074163821497
2023-01-31,100,30,Call,1.9640172912817064
2023-02-01,100,30,Call,1.915531276492466
2023-02-02,100,30,Put,2.6516233335140242
2023-02-03,100,30,Call,1.6282354122193752
2023-02-06,100,30,Call,1.5225589192802715
2023-02-07,100,30,Put,3.164874065424705
2023-02-08,100,30,Call,1.334600327906628
2023-02-09,100,30,Call,1.4054496909902952
2023-02-10,100,30,Call,1.300557646518456
2023-02-13,100,30,Call,1.2530932370918393
2023-02-14,100,30,Call,1.1565187113155098
2023-02-15,100,30,Call,1.4846605136034938
2023-02-16,100,30,Call,1.4850922112654246
2023-02-17,100,30,Call,1.294711599087755
2023-02-20,100,30,Call,1.4463979273153598
2023-02-21,100,30,Call,1.2321065670771674
2023-02-22,100,30,Call,1.2701744044570802
2023-02-23,100,30,Put,4.277500222030341
2023-02-24,100,30,Call,0.7969155755958965
2023-02-27,100,30,Call,0.8229165507380962
2023-02-28,100,30,Put,4.397966619293356
2023-03-01,100,30,Call,0.945925309066407
2023-03-02,100,30,Put,4.367423593080105
2023-03-03,100,30,Put,4.467707376103988
2023-03-06,100,30,Call,0.716422894468991
2023-03-07,100,30,Put,6.638516335015154
2023-03-08,100,30,Call,1.9484512590054486
2023-03-09,100,30,Call,0.707995701790562
2023-03-10,100,30,Call,0.7484710213363819
2023-03-13,100,30,Put,6.882509858014174
2023-03-14,100,30,Put,6.772894906170407
2023-03-15,100,30,Call,1.894835034584485
2023-03-16,100,30,Call,1.7950597539700333
2023-03-17,100,30,Call,1.8896435053911134
2023-03-20,100,30,Put,5.176344595092985
2023-03-21,100,30,Call,0.7697876912147557
2023-03-22,100,30,Call,0.6775660382642101
2023-03-23,100,30,Call,0.6468748958530206
2023-03-24,100,30,Put,5.110005626582165
2023-03-27,100,30,Call,0.796163666420636
2023-03-28,100,30,Call,0.7417263495703104
2023-03-29,100,30,Call,0.7225073604435863
2023-03-30,100,30,Put,6.744596493830755
2023-03-31,100,30,Call,1.7859394049949167
2023-04-03,100,30,Call,1.911101121971754
2023-04-04,100,30,Put,5.003155973439277
2023-04-05,100,30,Call,0.7083920033110083
2023-04-06,100,30,Call,0.8278883899829701
2023-04-07,100,30,Put,4.516790640786397
2023-04-10,100,30,Put,4.7425527440797595
2023-04-11,100,30,Call,0.8435682886000926
2023-04-12,100,30,Put,4.0655380618858175
2023-04-13,100,30,Call,1.054640400013401
2023-04-14,100,30,Put,3.554524732251515
2023-04-17,100,30,Call,0.9098359301580707
2023-04-18,100,30,Put,4.135509205711955
2023-04-19,100,30,Call,1.0422707922034782
2023-04-20,100,30,Call,1.0009499297949382
2023-04-21,100,30,Call,1.0164856200724302
2023-04-24,100,30,Call,0.7590748662236031
2023-04-25,100,30,Put,4.933978959878004
2023-04-26,100,30,Call,0.7789258148696803
2023-04-27,100,30,Put,4.266784998682894
2023-04-28,100,30,Put,4.44224349641739
2023-05-01,100,30,Put,4.725372487122868
2023-05-02,100,30,Put,4.902619160372964
2023-05-03,100,30,Call,0.8582309025341672
2023-05-04,100,30,Call,0.9031484028739776
2023-05-05,100,30,Put,4.626073194523698
2023-05-08,100,30,Put,4.4380514839892555
2023-05-09,100,30,Call,0.9202625978713108
2023-05-10,100,30,Put,4.059325463607735
2023-05-11,100,30,Put,4.2944007351355395
2023-05-12,100,30,Put,4.403247436952483
2023-05-15,100,30,Call,0.8687831331720766
2023-05-16,100,30,Call,0.6968075408261392
2023-05-17,100,30,Put,4.94775601213631
2023-05-18,100,30,Put,4.84608856714155
2023-05-19,100,30,Call,0.7656545093097229
2023-05-22,100,30,Call,0.7403556294876736
2023-05-23,100,30,Put,6.793149763972998
2023-05-24,100,30,Call,1.8797053660708833
2023-05-25,100,30,Put,7.030538767676745
2023-05-26,100,30,Put,7.2897500541748315
2023-05-29,100,30,Call,1.6943098007430493
2023-05-30,100,30,Put,7.198890283765749
2023-05-31,100,30,Call,0.6594003963481754
2023-06-01,100,30,Put,5.1233235762305895
2023-06-02,100,30,Put,5.0215108880674535
2023-06-05,100,30,Call,0.7026834099706427
2023-06-06,100,30,Put,7.066023445921232
2023-06-07,100,30,Call,1.8123414089138699
2023-06-08,100,30,Put,7.044671558805234
2023-06-09,100,30,Put,4.807271096360182
2023-06-12,100,30,Put,4.871826045784047
2023-06-13,100,30,Call,0.7924943301459457
2023-06-14,100,30,Put,4.762988795516961
2023-06-15,100,30,Call,0.6609550864687996
2023-06-16,100,30,Put,4.760940440237661
2023-06-19,100,30,Call,0.8872920953432661
2023-06-20,100,30,Put,4.204355182620034
2023-06-21,100,30,Call,0.8759562737067235
2023-06-22,100,30,Call,1.0753822134349384
2023-06-23,100,30,Call,0.8801770309445409
2023-06-26,100,30,Call,0.9614297255677187
2023-06-27,100,30,Call,1.3075330739538913
2023-06-28,100,30,Call,1.1448908284111923
2023-06-29,100,30,Put,4.06042681001189
2023-06-30,100,30,Put,4.021505979657448
2023-07-03,100,30,Call,1.0051636282423821
2023-07-04,100,30,Call,0.8016965799559586
2023-07-05,100,30,Call,0.8119777700434021
2023-07-06,100,30,Put,5.082100606262685
2023-07-07,100,30,Put,4.900976313294265
2023-07-10,100,30,Put,5.23748790530486
2023-07-11,100,30,Call,0.8248974923816981
2023-07-12,100,30,Put,4.939800861657261
2023-07-13,100,30,Put,5.053228316717622
2023-07-14,100,30,Put,4.748587192622395
2023-07-17,100,30,Put,5.197556570320117
2023-07-18,100,30,Call,0.6843229114237879
2023-07-19,100,30,Put,4.6220317058239715
2023-07-20,100,30,Call,0.6559430739137326
2023-07-21,100,30,Put,5.131994844790128
2023-07-24,100,30,Put,5.029247681797727
2023-07-25,100,30,Put,4.73668652778467
2023-07-26,100,30,Put,5.187500380028254
2023-07-27,100,30,Put,6.996542951336593
2023-07-28,100,30,Put,6.822161078948589
2023-07-31,100,30,Call,1.9776175226243673
2023-08-01,100,30,Put,6.636665441368457
2023-08-02,100,30,Call,0.6797942754384287
2023-08-03,100,30,Call,1.9719256623041055
2023-08-04,100,30,Call,2.011565058466889
2023-08-07,100,30,Put,5.162456462885146
2023-08-08,100,30,Put,6.778659004290972
2023-08-09,100,30,Put,4.7263966176334975
2023-08-10,100,30,Put,4.550627772468019
2023-08-11,100,30,Call,0.7223825949879696
2023-08-14,100,30,Put,4.731345695643199
2023-08-15,100,30,Put,5.083799243790878
2023-08-16,100,30,Call,0.7819893605923092
2023-08-17,100,30,Call,0.9316787777917455
2023-08-18,100,30,Call,0.8269260831529692
2023-08-21,100,30,Put,4.308160748005662
2023-08-22,100,30,Put,4.160434999044753
2023-08-23,100,30,Call,1.1437979218445093
2023-08-24,100,30,Put,3.2723310539578776
2023-08-25,100,30,Put,3.3423013090705354
2023-08-28,100,30,Put,3.5724663725299024
2023-08-29,100,30,Put,3.8551518289705626
2023-08-30,100,30,Put,4.123277384406649
2023-08-31,100,30,Put,4.144193319124383
2023-09-01,100,30,Call,1.0765451552987457
2023-09-04,100,30,Call,1.1215958687706404
2023-09-05,100,30,Call,1.2592486836089378
2023-09-06,100,30,Put,3.6407471740076858
2023-09-07,100,30,Put,3.1858549702323913
2023-09-08,100,30,Put,3.260651322502156
2023-09-11,100,30,Call,2.077653592663289
2023-09-12,100,30,Call,2.2365982829224933
2023-09-13,100,30,Put,2.543801132780409
2023-09-14,100,30,Call,1.78889058966233
2023-09-15,100,30,Put,2.692505137837415
2023-09-18,100,30,Call,1.8531277267600217
2023-09-19,100,30,Call,2.0213840757705057
2023-09-20,100,30,Call,2.139694493130193
2023-09-21,100,30,Call,2.1256522893502634
2023-09-22,100,30,Call,1.9281289288181398
2023-09-25,100,30,Put,3.081141285666959
2023-09-26,100,30,Call,1.5185425361117026
2023-09-27,100,30,Put,2.9532524501508632
2023-09-28,100,30,Call,1.7441157448430786
2023-09-29,100,30,Call,1.4937489330488276
2023-10-02,100,30,Call,1.5304462208317915
2023-10-03,100,30,Put,3.0719935900524504
2023-10-04,100,30,Call,1.440872770283761
2023-10-05,100,30,Call,1.4729322025687424
2023-10-06,100,30,Call,1.4870807260728114
2023-10-09,100,30,Put,3.607984146010594
2023-10-10,100,30,Put,3.4898747142130233
2023-10-11,100,30,Put,3.311605292728352
2023-10-12,100,30,Put,2.9857579429614205
2023-10-13,100,30,Call,1.9049213709153179
2023-10-16,100,30,Put,3.0706477992429626
2023-10-17,100,30,Call,1.4316280918630397
2023-10-18,100,30,Put,3.1863256387400796
2023-10-19,100,30,Put,3.0303437601651098
2023-10-20,100,30,Call,1.751347731239079
2023-10-23,100,30,Call,2.7239132412516867
2023-10-24,100,30,Put,1.781890588309345
2023-10-25,100,30,Call,3.2529709327901486
2023-10-26,100,30,Call,3.572725523542033
2023-10-27,100,30,Put,1.2599926489666444
2023-10-30,100,30,Call,3.6984557313360824
2023-10-31,100,30,Call,3.9714116774176347
2023-11-01,100,30,Call,3.704550973282224
2023-11-02,100,30,Put,1.3450239285399448
2023-11-03,100,30,Call,3.470145539257487
2023-11-06,100,30,Put,1.4104546310514081
2023-11-07,100,30,Put,1.0356044438971068
2023-11-08,100,30,Put,1.3266223729364484
2023-11-09,100,30,Put,1.2101739658545156
2023-11-10,100,30,Call,3.365021801281536
2023-11-13,100,30,Call,3.2177055096618545
2023-11-14,100,30,Call,3.581077404690788
2023-11-15,100,30,Put,1.3553464906732273
2023-11-16,100,30,Put,1.5489453859760687
2023-11-17,100,30,Put,1.6863393442636934
2023-11-20,100,30,Call,3.255607675774705
2023-11-21,100,30,Put,1.6902365560499533
2023-11-22,100,30,Call,3.1029793171412976
2023-11-23,100,30,Call,3.1221384736832007
2023-11-24,100,30,Put,1.7604701335555788
2023-11-27,100,30,Call,3.6207327878671123
2023-11-28,100,30,Put,1.2396704937220306
2023-11-29,100,30,Call,3.1737617810151377
2023-11-30,100,30,Call,3.238059128255344
2023-12-01,100,30,Put,1.6874439264506833
2023-12-04,100,30,Put,1.5180343099202531
2023-12-05,100,30,Call,3.0635263759088076
2023-12-06,100,30,Call,3.032983553269318
2023-12-07,100,30,Put,1.5858410931524602
2023-12-08,100,30,Call,3.482729194708007
2023-12-11,100,30,Call,3.100395461797561
2023-12-12,100,30,Call,3.001991360504711
2023-12-13,100,30,Put,1.8048620704823577
2023-12-14,100,30,Call,2.678061761883775
2023-12-15,100,30,Call,3.2156334655233394
2023-12-18,100,30,Put,1.4940207594284303
2023-12-19,100,30,Put,1.7382065796081605
2023-12-20,100,30,Call,3.250533347139502
2023-12-21,100,30,Put,1.180355818275757
2023-12-22,100,30,Call,4.364503718079419
2023-12-25,100,30,Put,1.2537262087744594
2023-12-26,100,30,Put,1.332529450757363
2023-12-27,100,30,Call,4.108099812056494
2023-12-28,100,30,Put,1.2337191870877717
2023-12-29,100,30,Call,4.023555682265254
2023-01-02,100,60,Put,3.067307219766519
2023-01-03,100,60,Call,3.5348225588370568
2023-01-04,100,60,Put,2.9762571222374206
2023-01-05,100,60,Put,2.825292699522045
2023-01-06,100,60,Call,4.1374055159778464
2023-01-09,100,60,Put,2.539636620480401
2023-01-10,100,60,Call,4.005877463982863
2023-01-11,100,60,Put,2.2627202761208594
2023-01-12,100,60,Call,4.753815675137673
2023-01-13,100,60,Put,2.199587658137922
2023-01-16,100,60,Call,4.788489065874913
2023-01-17,100,60,Put,2.178656822222891
2023-01-18,100,60,Put,2.2646330659784084
2023-01-19,100,60,Put,2.2151178014529123
2023-01-20,100,60,Put,2.5971131179953773
2023-01-23,100,60,Call,3.5016052663416133
2023-01-24,100,60,Put,3.1039944870474727
2023-01-25,100,60,Call,3.095595359109055
2023-01-26,100,60,Put,3.264887260776426
2023-01-27,100,60,Put,3.48787988903846
2023-01-30,100,60,Call,2.6272477815815947
2023-01-31,100,60,Call,2.9766423027408706
2023-02-01,100,60,Put,3.5198745184210125
2023-02-02,100,60,Put,3.4985715153508252
2023-02-03,100,60,Put,3.869295442690998
2023-02-06,100,60,Call,2.497822640872883
2023-02-07,100,60,Call,2.525560104594568
2023-02-08,100,60,Put,4.29828483624798
2023-02-09,100,60,Call,2.365715802624983
2023-02-10,100,60,Call,2.245105986096533
2023-02-13,100,60,Call,2.1897403500884067
2023-02-14,100,60,Call,2.075405259783345
2023-02-15,100,60,Put,4.068345092254326
2023-02-16,100,60,Put,4.067717857114786
2023-02-17,100,60,Put,4.363764678984808
2023-02-20,100,60,Put,4.124681201005053
2023-02-21,100,60,Call,2.1650918560058443
2023-02-22,100,60,Call,2.2097247643622
2023-02-23,100,60,Put,4.990137154925776
2023-02-24,100,60,Put,5.40615504027447
2023-02-27,100,60,Put,5.337655648042954
2023-02-28,100,60,Call,1.7845335439275445
2023-03-01,100,60,Put,5.039501379396931
2023-03-02,100,60,Call,1.7995430142268134
2023-03-03,100,60,Put,5.160504002188318
2023-03-06,100,60,Put,5.632673149484631
2023-03-07,100,60,Call,3.567470825048673
2023-03-08,100,60,Call,3.4826557588309512
2023-03-09,100,60,Put,5.657779414894122
2023-03-10,100,60,Call,1.559468255689346
2023-03-13,100,60,Call,3.4234912582526107
2023-03-14,100,60,Call,3.4873404483422803
2023-03-15,100,60,Put,8.251239210782039
2023-03-16,100,60,Call,3.296371890335834
2023-03-17,100,60,Put,8.261081380166985
2023-03-20,100,60,Call,1.444185011445164
2023-03-21,100,60,Put,5.479948036665917
2023-03-22,100,60,Put,5.75086944350646
2023-03-23,100,60,Put,5.848878603725282
2023-03-24,100,60,Call,1.4703278275871696
2023-03-27,100,60,Put,5.408167704774044
2023-03-28,100,60,Call,1.550353975723933
2023-03-29,100,60,Call,1.5242482862089162
2023-03-30,100,60,Put,8.118392856704347
2023-03-31,100,60,Call,3.285168189797595
2023-04-03,100,60,Put,8.220569017676759
2023-04-04,100,60,Call,1.513470619905295
2023-04-05,100,60,Put,5.656592384320675
2023-04-06,100,60,Call,1.6650669654210049
2023-04-07,100,60,Call,1.7274386320945894
2023-04-10,100,60,Call,1.624357390710962
2023-04-11,100,60,Call,1.685564839373697
2023-04-12,100,60,Put,4.799653469640326
2023-04-13,100,60,Call,1.952057837484098
2023-04-14,100,60,Call,2.2572327147471043
2023-04-17,100,60,Call,1.7710363343325994
2023-04-18,100,60,Put,4.862616108141765
2023-04-19,100,60,Call,1.9368709183198618
2023-04-20,100,60,Call,1.885782066148444
2023-04-21,100,60,Call,1.9050559560585967
2023-04-24,100,60,Put,5.509777253336438
2023-04-25,100,60,Call,1.5421047136391088
2023-04-26,100,60,Put,5.454815999793624
2023-04-27,100,60,Call,1.8499996220635921
2023-04-28,100,60,Put,5.137723514858294
2023-05-01,100,60,Call,1.6319641667019482
2023-05-02,100,60,Call,1.5552720239090405
2023-05-03,100,60,Put,5.2478799308936885
2023-05-04,100,60,Call,1.7624921099666508
2023-05-05,100,60,Put,5.302014243906257
2023-05-08,100,60,Call,1.7650443408551055
2023-05-09,100,60,Call,1.7843229868762478
2023-05-10,100,60,Call,1.9591091612162117
2023-05-11,100,60,Call,1.8359988834879886
2023-05-12,100,60,Call,1.7819524990473354
2023-05-15,100,60,Put,5.221744037151986
2023-05-16,100,60,Put,5.691555022390418
2023-05-17,100,60,Call,1.536357109919816
2023-05-18,100,60,Call,1.5793082432474819
2023-05-19,100,60,Call,1.582581208006772
2023-05-22,100,60,Call,1.548498718511567
2023-05-23,100,60,Put,8.162161672005233
2023-05-24,100,60,Call,3.3996563885645514
2023-05-25,100,60,Put,8.375751252084854
2023-05-26,100,60,Call,3.1975031915333076
2023-05-29,100,60,Put,8.651631744262268
2023-05-30,100,60,Put,8.526846100869726
2023-05-31,100,60,Put,5.808356812121005
2023-06-01,100,60,Put,5.744908855167381
2023-06-02,100,60,Call,1.5059667741383294
2023-06-05,100,60,Put,5.673752620099023
2023-06-06,100,60,Put,8.407623497942495
2023-06-07,100,60,Put,8.410791182782638
2023-06-08,100,60,Put,8.388446925139966
2023-06-09,100,60,Put,5.463619778410603
2023-06-12,100,60,Put,5.5211279689969075
2023-06-13,100,60,Call,1.6183835384058796
2023-06-14,100,60,Call,1.6153583613886369
2023-06-15,100,60,Call,1.4392144551548611
2023-06-16,100,60,Put,5.42232624958568
2023-06-19,100,60,Put,5.176631803357637
2023-06-20,100,60,Call,1.8820937356319476
2023-06-21,100,60,Call,1.7275660464630498
2023-06-22,100,60,Put,4.7638606051035595
2023-06-23,100,60,Put,5.193865056493578
2023-06-26,100,60,Put,5.004616783543227
2023-06-27,100,60,Put,4.342500915858373
2023-06-28,100,60,Put,4.628972654613499
2023-06-29,100,60,Call,1.958510946220244
2023-06-30,100,60,Call,1.9797791226407142
2023-07-03,100,60,Call,1.8910176340855855
2023-07-04,100,60,Call,1.6305775835968568
2023-07-05,100,60,Call,1.6441538187078777
2023-07-06,100,60,Call,1.4814703425316367
2023-07-07,100,60,Call,1.5559650733259893
2023-07-10,100,60,Put,5.8463828236143485
2023-07-11,100,60,Put,5.3325224550044155
2023-07-12,100,60,Put,5.5816500338164445
2023-07-13,100,60,Call,1.493091318703943
2023-07-14,100,60,Call,1.6216945620042615
2023-07-17,100,60,Put,5.810896408025471
2023-07-18,100,60,Call,1.471763396776307
2023-07-19,100,60,Put,5.298406249077338
2023-07-20,100,60,Call,1.4321886313803276
2023-07-21,100,60,Put,5.7526182421335506
2023-07-24,100,60,Put,5.661244242647413
2023-07-25,100,60,Put,5.400702068094802
2023-07-26,100,60,Put,5.801958609921499
2023-07-27,100,60,Put,8.345203376368481
2023-07-28,100,60,Put,8.188300225315203
2023-07-31,100,60,Call,3.517641534145042
2023-08-01,100,60,Call,3.5685891349779553
2023-08-02,100,60,Put,5.743919104032329
2023-08-03,100,60,Call,3.51082437361039
2023-08-04,100,60,Call,3.5581977100295106
2023-08-07,100,60,Put,5.779698081017543
2023-08-08,100,60,Put,8.149101925018911
2023-08-09,100,60,Put,5.391526295976604
2023-08-10,100,60,Put,5.234633243952366
2023-08-11,100,60,Call,1.5240781515967967
2023-08-14,100,60,Put,5.3959396299424895
2023-08-15,100,60,Call,1.4807895791468582
2023-08-16,100,60,Call,1.6044131685006278
2023-08-17,100,60,Put,5.072048128383869
2023-08-18,100,60,Call,1.663805381681275
2023-08-21,100,60,Put,5.017632839930634
2023-08-22,100,60,Call,1.9050480823352913
2023-08-23,100,60,Put,4.631030610735401
2023-08-24,100,60,Call,2.447739902965644
2023-08-25,100,60,Call,2.398695494184878
2023-08-28,100,60,Put,4.353125097131404
2023-08-29,100,60,Call,2.073742931978792
2023-08-30,100,60,Call,1.9247157109067672
2023-08-31,100,60,Call,1.9136166657397737
2023-09-01,100,60,Call,1.9788354011673803
2023-09-04,100,60,Call,2.0334584615390767
2023-09-05,100,60,Put,4.423686424929549
2023-09-06,100,60,Put,4.415302893328345
2023-09-07,100,60,Call,2.510120436375061
2023-09-08,100,60,Put,4.067434857977425
2023-09-11,100,60,Call,3.0959659344512644
2023-09-12,100,60,Call,3.260702637864611
2023-09-13,100,60,Put,3.3959003588894134
2023-09-14,100,60,Put,3.666748015759957
2023-09-15,100,60,Call,2.908808460490029
2023-09-18,100,60,Put,3.5909483973809984
2023-09-19,100,60,Call,3.037051555633404
2023-09-20,100,60,Put,3.283146765748562
2023-09-21,100,60,Call,3.14596733246988
2023-09-22,100,60,Put,3.505818717513648
2023-09-25,100,60,Call,2.5884103356608748
2023-09-26,100,60,Put,4.019667330613004
2023-09-27,100,60,Call,2.6883951029333915
2023-09-28,100,60,Put,3.721261417496798
2023-09-29,100,60,Call,2.4655547284862394
2023-10-02,100,60,Call,2.5066314618640604
2023-10-03,100,60,Put,3.892961493914939
2023-10-04,100,60,Put,4.132939866330368
2023-10-05,100,60,Put,4.085456447210632
2023-10-06,100,60,Call,2.458065278532075
2023-10-09,100,60,Call,2.2232230246728264
2023-10-10,100,60,Call,2.299211720581532
2023-10-11,100,60,Put,4.114333539398729
2023-10-12,100,60,Put,3.8127347340105686
2023-10-13,100,60,Call,2.9140276237979066
2023-10-16,100,60,Put,3.8917118815797096
2023-10-17,100,60,Call,2.3954685913510687
2023-10-18,100,60,Put,3.998858720512459
2023-10-19,100,60,Call,2.6275305763240127
2023-10-20,100,60,Put,3.7123596483999464
2023-10-23,100,60,Put,2.7727584428780077
2023-10-24,100,60,Call,3.923187010626471
2023-10-25,100,60,Call,4.271113722681783
2023-10-26,100,60,Call,4.578362876843734
2023-10-27,100,60,Put,2.0905295183415262
2023-10-30,100,60,Put,2.1459350111243864
2023-10-31,100,60,Call,4.95681390834347
2023-11-01,100,60,Call,4.704008759220258
2023-11-02,100,60,Put,2.1841311354947663
2023-11-03,100,60,Put,2.274061530186607
2023-11-06,100,60,Put,2.255164901306671
2023-11-07,100,60,Call,5.295667226326444
2023-11-08,100,60,Put,2.1640026519309146
2023-11-09,100,60,Put,2.0349538776838827
2023-11-10,100,60,Put,2.336441767627548
2023-11-13,100,60,Put,2.4277807328762293
2023-11-14,100,60,Put,2.210597636149032
2023-11-15,100,60,Call,4.612299414639956
2023-11-16,100,60,Put,2.402977503963534
2023-11-17,100,60,Call,4.0612579388090495
2023-11-20,100,60,Put,2.4038253008077675
2023-11-21,100,60,Call,4.055466236876953
2023-11-22,100,60,Call,4.125592693483227
2023-11-23,100,60,Call,4.1442358899791145
2023-11-24,100,60,Call,3.953445402040437
2023-11-27,100,60,Put,2.188473086672083
2023-11-28,100,60,Put,2.0679276139917846
2023-11-29,100,60,Call,4.194387162454753
2023-11-30,100,60,Call,4.25668944503019
2023-12-01,100,60,Call,4.059614969972458
2023-12-04,100,60,Call,4.325786413331933
2023-12-05,100,60,Call,4.087149083178737
2023-12-06,100,60,Put,2.5493515337938604
2023-12-07,100,60,Put,2.4418262265050004
2023-12-08,100,60,Call,4.4922604349267345
2023-12-11,100,60,Call,4.123077142048992
2023-12-12,100,60,Put,2.570573160528525
2023-12-13,100,60,Call,3.8911643513382543
2023-12-14,100,60,Put,2.8082970062782877
2023-12-15,100,60,Call,4.234979537669737
2023-12-18,100,60,Put,2.3447450760829653
2023-12-19,100,60,Put,2.6001574927909843
2023-12-20,100,60,Call,4.268756459279345
2023-12-21,100,60,Put,2.0014108315959334
2023-12-22,100,60,Call,5.326067681751752
2023-12-25,100,60,Call,4.8098743096272685
2023-12-26,100,60,Call,4.65530476617176
2023-12-27,100,60,Put,1.9382841049637491
2023-12-28,100,60,Put,2.0612909658580634
2023-12-29,100,60,Put,1.9790076265537806
2023-01-02,100,90,Call,4.201468853646702
2023-01-03,100,90,Call,4.3423268461256725
2023-01-04,100,90,Call,4.308375942577435
2023-01-05,100,90,Call,4.494297202040741
2023-01-06,100,90,Call,4.9451342725595495
2023-01-09,100,90,Call,4.879474772671131
2023-01-10,100,90,Put,3.230311653789343
2023-01-11,100,90,Call,5.302548210751759
2023-01-12,100,90,Put,2.7501183453929343
2023-01-13,100,90,Call,5.4070542069835525
2023-01-16,100,90,Call,5.5870133275901
2023-01-17,100,90,Call,5.442430877446121
2023-01-18,100,90,Put,2.9046094986462876
2023-01-19,100,90,Put,2.8537894356852362
2023-01-20,100,90,Put,3.241964861906162
2023-01-23,100,90,Put,3.6193864719293956
2023-01-24,100,90,Put,3.7456260716260488
2023-01-25,100,90,Call,3.8958142370749655
2023-01-26,100,90,Call,3.9818008366573494
2023-01-27,100,90,Put,4.120510145710398
2023-01-30,100,90,Put,4.4745561073254265
2023-01-31,100,90,Put,4.099556023896817
2023-02-01,100,90,Call,3.7206786345392686
2023-02-02,100,90,Call,3.7416071043138146
2023-02-03,100,90,Call,3.3980850669069866
2023-02-06,100,90,Put,4.627399471892346
2023-02-07,100,90,Call,3.3041801314608463
2023-02-08,100,90,Call,3.048667090069266
2023-02-09,100,90,Put,4.79239237938733
2023-02-10,100,90,Call,3.006544650886653
2023-02-13,100,90,Put,5.027973196815104
2023-02-14,100,90,Call,2.823819534761654
2023-02-15,100,90,Put,4.679418097207467
2023-02-16,100,90,Call,3.230640280173276
2023-02-17,100,90,Call,2.999272636345964
2023-02-20,100,90,Call,3.1844734123997895
2023-02-21,100,90,Call,2.9206581859507637
2023-02-22,100,90,Put,5.000238237236012
2023-02-23,100,90,Put,5.553361776429547
2023-02-24,100,90,Put,5.944098950767568
2023-02-27,100,90,Put,5.879880204332643
2023-02-28,100,90,Call,2.5050813781226395
2023-03-01,100,90,Put,5.599822240556598
2023-03-02,100,90,Call,2.5217213158939344
2023-03-03,100,90,Call,2.4675735815934914
2023-03-06,100,90,Call,2.2031542033523266
2023-03-07,100,90,Put,9.103033024461304
2023-03-08,100,90,Call,4.719593676963939
2023-03-09,100,90,Call,2.1899886823543113
2023-03-10,100,90,Put,6.069183173253187
2023-03-13,100,90,Call,4.655248671038322
2023-03-14,100,90,Call,4.724681553898677
2023-03-15,100,90,Put,9.3187970082518
2023-03-16,100,90,Call,4.516427214132953
2023-03-17,100,90,Put,9.328077338909722
2023-03-20,100,90,Put,6.305152667571953
2023-03-21,100,90,Put,6.01323410065752
2023-03-22,100,90,Put,6.266681348694242
2023-03-23,100,90,Put,6.358239790945291
2023-03-24,100,90,Put,6.250044230566552
2023-03-27,100,90,Call,2.324777614332099
2023-03-28,100,90,Call,2.242312360757836
2023-03-29,100,90,Call,2.2126206682315868
2023-03-30,100,90,Put,9.193453750747324
2023-03-31,100,90,Put,9.518607484711374
2023-04-03,100,90,Call,4.670669612297573
2023-04-04,100,90,Put,6.161188653688676
2023-04-05,100,90,Put,6.178547576565876
2023-04-06,100,90,Call,2.3717998532886995
2023-04-07,100,90,Put,5.754818609501093
2023-04-10,100,90,Call,2.326024680951555
2023-04-11,100,90,Call,2.3947774023776773
2023-04-12,100,90,Put,5.373806335600378
2023-04-13,100,90,Put,5.379579651024912
2023-04-14,100,90,Call,3.0195213719579854
2023-04-17,100,90,Put,5.6782500405853895
2023-04-18,100,90,Put,5.433207223601542
2023-04-19,100,90,Call,2.6729579522790203
2023-04-20,100,90,Put,5.485520635711325
2023-04-21,100,90,Call,2.6380773026825324
2023-04-24,100,90,Call,2.268848737756727
2023-04-25,100,90,Put,6.103592804864718
2023-04-26,100,90,Put,5.989693662453099
2023-04-27,100,90,Put,5.544311502038205
2023-04-28,100,90,Put,5.692185114287469
2023-05-01,100,90,Put,5.929531875474034
2023-05-02,100,90,Call,2.24789636454458
2023-05-03,100,90,Put,5.795648410365665
2023-05-04,100,90,Call,2.4806042365839858
2023-05-05,100,90,Call,2.384829783173231
2023-05-08,100,90,Call,2.4834410483881513
2023-05-09,100,90,Call,2.5048477871181873
2023-05-10,100,90,Put,5.368525802391872
2023-05-11,100,90,Call,2.5620443003569804
2023-05-12,100,90,Call,2.5022176695431213
2023-05-15,100,90,Put,5.771111732169231
2023-05-16,100,90,Put,6.211239344379301
2023-05-17,100,90,Call,2.2264035599382552
2023-05-18,100,90,Put,6.030330371416959
2023-05-19,100,90,Put,6.023967732494519
2023-05-22,100,90,Put,6.090877011744453
2023-05-23,100,90,Put,9.234767262924876
2023-05-24,100,90,Call,4.629279818165287
2023-05-25,100,90,Call,4.563449012259021
2023-05-26,100,90,Call,4.407893484425415
2023-05-29,100,90,Put,9.695711119491413
2023-05-30,100,90,Put,9.578375133224128
2023-05-31,100,90,Put,6.320392663654509
2023-06-01,100,90,Put,6.261111008697313
2023-06-02,100,90,Put,6.176461337198013
2023-06-05,100,90,Call,2.1816566672711986
2023-06-06,100,90,Put,9.466160240094858
2023-06-07,100,90,Call,4.5396217530293725
2023-06-08,100,90,Put,9.44810048457186
2023-06-09,100,90,Put,5.997940511376591
2023-06-12,100,90,Put,6.051794721541157
2023-06-13,100,90,Call,2.3192913935281894
2023-06-14,100,90,Call,2.3158800410387883
2023-06-15,100,90,Call,2.1152876052246903
2023-06-16,100,90,Put,5.959253460410821
2023-06-19,100,90,Put,5.72874360649795
2023-06-20,100,90,Call,2.6128451103459085
2023-06-21,100,90,Put,5.754592004867156
2023-06-22,100,90,Call,2.717281179594387
2023-06-23,100,90,Put,5.7449310447182285
2023-06-26,100,90,Put,5.5669925915828955
2023-06-27,100,90,Put,4.940798601696777
2023-06-28,100,90,Put,5.212510157826735
2023-06-29,100,90,Call,2.696631562062059
2023-06-30,100,90,Put,5.336356919871655
2023-07-03,100,90,Put,5.477014130256819
2023-07-04,100,90,Put,5.932144213248819
2023-07-05,100,90,Put,5.906661731078501
2023-07-06,100,90,Call,2.163776385462885
2023-07-07,100,90,Call,2.248683017700266
2023-07-10,100,90,Call,2.093749090167627
2023-07-11,100,90,Call,2.3673975519184722
2023-07-12,100,90,Put,6.108442261527962
2023-07-13,100,90,Call,2.1770691400291007
2023-07-14,100,90,Put,5.9489329084915425
2023-07-17,100,90,Put,6.322764942497301
2023-07-18,100,90,Call,2.1526591588462445
2023-07-19,100,90,Put,5.8430640642421
2023-07-20,100,90,Call,2.10720153579064
2023-07-21,100,90,Put,6.268315604903087
2023-07-24,100,90,Call,2.188178433347673
2023-07-25,100,90,Call,2.3289461028173264
2023-07-26,100,90,Call,2.1160026499661413
2023-07-27,100,90,Call,4.5843356606190255
2023-07-28,100,90,Call,4.6933189378361675
2023-07-31,100,90,Put,9.173929622605293
2023-08-01,100,90,Call,4.8127628290615405
2023-08-02,100,90,Put,6.260186034454179
2023-08-03,100,90,Call,4.750171323927759
2023-08-04,100,90,Call,4.801514231367648
2023-08-07,100,90,Call,2.127248541698723
2023-08-08,100,90,Put,9.222441872646527
2023-08-09,100,90,Put,5.930387937550044
2023-08-10,100,90,Call,2.4238371600191684
2023-08-11,100,90,Put,6.139726839958399
2023-08-14,100,90,Put,5.934524602580531
2023-08-15,100,90,Put,6.22826236113891
2023-08-16,100,90,Call,2.3035286365096965
2023-08-17,100,90,Call,2.5209232345535
2023-08-18,100,90,Put,5.87014737787522
2023-08-21,100,90,Put,5.57924354913883
2023-08-22,100,90,Put,5.454336230199338
2023-08-23,100,90,Call,2.807301042871906
2023-08-24,100,90,Call,3.222088919514867
2023-08-25,100,90,Put,4.750302620774626
2023-08-28,100,90,Put,4.950899656053181
2023-08-29,100,90,Put,5.194352941323245
2023-08-30,100,90,Call,2.65964223721668
2023-08-31,100,90,Call,2.6474719183152473
2023-09-01,100,90,Put,5.337818108685063
2023-09-04,100,90,Put,5.254403137418237
2023-09-05,100,90,Put,5.0179371704847355
2023-09-06,100,90,Call,2.9610693274689055
2023-09-07,100,90,Put,4.612515576827661
2023-09-08,100,90,Call,3.2308716942084104
2023-09-11,100,90,Call,3.8961940102966395
2023-09-12,100,90,Put,3.8288710207961287
2023-09-13,100,90,Put,4.0311212706220445
2023-09-14,100,90,Put,4.293642260553867
2023-09-15,100,90,Call,3.703652197154895
2023-09-18,100,90,Call,3.651954945434305
2023-09-19,100,90,Call,3.835746275663361
2023-09-20,100,90,Call,3.9622995674436936
2023-09-21,100,90,Put,3.934902219059623
2023-09-22,100,90,Call,3.7344699741231864
2023-09-25,100,90,Call,3.370222348911078
2023-09-26,100,90,Put,4.632852900264929
2023-09-27,100,90,Call,3.474835318624443
2023-09-28,100,90,Call,3.530178254799388
2023-09-29,100,90,Call,3.2409134600520204
2023-10-02,100,90,Call,3.2842456741025003
2023-10-03,100,90,Call,3.377552016576658
2023-10-04,100,90,Call,3.177847594093535
2023-10-05,100,90,Put,4.695775103164635
2023-10-06,100,90,Put,4.676058189255116
2023-10-09,100,90,Call,2.983101588994437
2023-10-10,100,90,Put,4.879186373029292
2023-10-11,100,90,Put,4.723365573541216
2023-10-12,100,90,Put,4.434318651169804
2023-10-13,100,90,Put,4.163092601836503
2023-10-16,100,90,Call,3.3786322852230413
2023-10-17,100,90,Call,3.1667420902956493
2023-10-18,100,90,Put,4.612932029692132
2023-10-19,100,90,Put,4.474231074626054
2023-10-20,100,90,Put,4.337652755651334
2023-10-23,100,90,Call,4.561702132758185
2023-10-24,100,90,Call,4.731946985430653
2023-10-25,100,90,Put,3.0483114887313008
2023-10-26,100,90,Call,5.380748873796378
2023-10-27,100,90,Call,5.595570778877118
2023-10-30,100,90,Call,5.4984889388651155
2023-10-31,100,90,Call,5.751712106742154
2023-11-01,100,90,Put,2.7791042873073835
2023-11-02,100,90,Call,5.433142491707237
2023-11-03,100,90,Put,2.914268058310917
2023-11-06,100,90,Call,5.314884770436237
2023-11-07,100,90,Call,6.081992088594646
2023-11-08,100,90,Call,5.467421273048899
2023-11-09,100,90,Call,5.695805176142066
2023-11-10,100,90,Put,2.978027039327344
2023-11-13,100,90,Call,5.0438671355307605
2023-11-14,100,90,Call,5.388593385023569
2023-11-15,100,90,Call,5.414114671863231
2023-11-16,100,90,Put,3.0457674693869166
2023-11-17,100,90,Put,3.191134636237692
2023-11-20,100,90,Put,3.0466289003381704
2023-11-21,100,90,Call,4.863721316585256
2023-11-22,100,90,Call,4.933407057918608
2023-11-23,100,90,Put,3.133618962363009
2023-11-24,100,90,Call,4.762128656624434
2023-11-27,100,90,Call,5.425793534600174
2023-11-28,100,90,Call,5.635981581274287
2023-11-29,100,90,Call,5.0016580166227556
2023-11-30,100,90,Call,5.0633763069919056
2023-12-01,100,90,Call,4.867847235199918
2023-12-04,100,90,Put,3.0124964313431946
2023-12-05,100,90,Call,4.895219480397714
2023-12-06,100,90,Call,4.865582294244838
2023-12-07,100,90,Call,5.022763919847236
2023-12-08,100,90,Call,5.295998281065735
2023-12-11,100,90,Call,4.930909318315031
2023-12-12,100,90,Put,3.2152639237870417
2023-12-13,100,90,Put,3.3135558995547783
2023-12-14,100,90,Put,3.453185510411977
2023-12-15,100,90,Put,3.0722903537698514
2023-12-18,100,90,Call,5.171474088716536
2023-12-19,100,90,Call,4.793888963454243
2023-12-20,100,90,Put,3.0498682451788284
2023-12-21,100,90,Put,2.632458068013541
2023-12-22,100,90,Call,6.1115474627857935
2023-12-25,100,90,Put,2.7179494135875473
2023-12-26,100,90,Call,5.45636680328807
2023-12-27,100,90,Call,5.877426559202149
2023-12-28,100,90,Call,5.64793871620018
2023-12-29,100,90,Put,2.6090537982736066
2023-01-02,110,30,Put,10.81138320067086
2023-01-03,110,30,Call,1.0417163803140213
2023-01-04,110,30,Call,1.0296666650641377
2023-01-05,110,30,Put,10.383333061744949
2023-01-06,110,30,Call,1.2640097269540718
2023-01-09,110,30,Put,9.854920699342472
2023-01-10,110,30,Call,1.214461860476714
2023-01-11,110,30,Put,9.314485785385301
2023-01-12,110,30,Call,1.5037806632108968
2023-01-13,110,30,Put,9.186828980259804
2023-01-16,110,30,Put,8.972051102555938
2023-01-17,110,30,Put,9.14411019442791
2023-01-18,110,30,Put,9.31832611089989
2023-01-19,110,30,Call,1.4343871338043215
2023-01-20,110,30,Call,1.2083618560081142
2023-01-23,110,30,Put,10.651671169818968
2023-01-24,110,30,Put,10.874860027759382
2023-01-25,110,30,Call,0.8873447542277226
2023-01-26,110,30,Call,0.9163767471443514
2023-01-27,110,30,Call,0.8395969118643016
2023-01-30,110,30,Put,12.104892770371066
2023-01-31,110,30,Put,11.483871363037707
2023-02-01,110,30,Call,0.8292559385211344
2023-02-02,110,30,Put,11.536663898826617
2023-02-03,110,30,Call,0.7259788746151354
2023-02-06,110,30,Put,12.351557197643885
2023-02-07,110,30,Call,0.6968374337972776
2023-02-08,110,30,Put,12.781027569023422
2023-02-09,110,30,Call,0.6454526275109469
2023-02-10,110,30,Put,12.863772592799407
2023-02-13,110,30,Call,0.5899332178907155
2023-02-14,110,30,Put,13.23380282524569
2023-02-15,110,30,Call,0.674154309367367
2023-02-16,110,30,Call,0.6743104873902048
2023-02-17,110,30,Call,0.6051473025918757
2023-02-20,110,30,Call,0.6603016489653779
2023-02-21,110,30,Call,0.5822454691474945
2023-02-22,110,30,Call,0.5961823320514004
2023-02-23,110,30,Put,13.777423217330067
2023-02-24,110,30,Call,0.41916568677709876
2023-02-27,110,30,Put,14.255848301313534
2023-02-28,110,30,Put,13.927477274169235
2023-03-01,110,30,Put,13.846202937703282
2023-03-02,110,30,Put,13.889584564473367
2023-03-03,110,30,Call,0.45634300794855776
2023-03-06,110,30,Call,0.3878269963729828
2023-03-07,110,30,Call,0.35808891127014597
2023-03-08,110,30,Call,0.3403168513673558
2023-03-09,110,30,Put,14.685446711248247
2023-03-10,110,30,Put,14.52815564200921
2023-03-13,110,30,Put,15.29489408042349
2023-03-14,110,30,Put,15.145406292486058
2023-03-15,110,30,Put,15.307878680443153
2023-03-16,110,30,Put,15.599173496458661
2023-03-17,110,30,Call,0.32580163231799997
2023-03-20,110,30,Call,0.3673133237182453
2023-03-21,110,30,Call,0.40866159414488834
2023-03-22,110,30,Call,0.37249781192842235
2023-03-23,110,30,Call,0.36028446732024033
2023-03-24,110,30,Put,14.78505748769966
2023-03-27,110,30,Call,0.41887528126245854
2023-03-28,110,30,Call,0.3977356303113506
2023-03-29,110,30,Put,14.628241192394043
2023-03-30,110,30,Put,15.10665912545602
2023-03-31,110,30,Call,0.30071319354532466
2023-04-03,110,30,Put,15.261540053496276
2023-04-04,110,30,Call,0.38711739847502
2023-04-05,110,30,Call,0.3846703482754279
2023-04-06,110,30,Put,14.238374804196738
2023-04-07,110,30,Put,14.073948618911189
2023-04-10,110,30,Put,14.348326993182809
2023-04-11,110,30,Put,14.18381099074442
2023-04-12,110,30,Put,13.50930764583127
2023-04-13,110,30,Call,0.5167199978581678
2023-04-14,110,30,Put,12.838182959483888
2023-04-17,110,30,Call,0.4623519166734429
2023-04-18,110,30,Put,13.598417646482346
2023-04-19,110,30,Call,0.5121121339213612
2023-04-20,110,30,Put,13.676556305178693
2023-04-21,110,30,Put,13.629996274867167
2023-04-24,110,30,Call,0.4044979374196256
2023-04-25,110,30,Call,0.3953562256741403
2023-04-26,110,30,Put,14.414247231722754
2023-04-27,110,30,Call,0.4859181840070157
2023-04-28,110,30,Put,13.98223007949278
2023-05-01,110,30,Put,14.327618456857834
2023-05-02,110,30,Put,14.539986195314356
2023-05-03,110,30,Put,14.133514250579765
2023-05-04,110,30,Call,0.45981589908124576
2023-05-05,110,30,Put,14.207382365643468
2023-05-08,110,30,Put,13.977055193485313
2023-05-09,110,30,Call,0.46630097051256136
2023-05-10,110,30,Call,0.5188623250412974
2023-05-11,110,30,Put,13.798572626772767
2023-05-12,110,30,Call,0.4655959307061188
2023-05-15,110,30,Put,14.097739340156565
2023-05-16,110,30,Call,0.3801064861593648
2023-05-17,110,30,Call,0.39369994396359864
2023-05-18,110,30,Call,0.4061078498878459
2023-05-19,110,30,Put,14.463438217564658
2023-05-22,110,30,Put,14.559135504424404
2023-05-23,110,30,Put,15.173100581522348
2023-05-24,110,30,Put,15.351261684830533
2023-05-25,110,30,Put,15.495287370304652
2023-05-26,110,30,Call,0.2839314893038427
2023-05-29,110,30,Put,15.906528475415115
2023-05-30,110,30,Put,15.72119132165713
2023-05-31,110,30,Call,0.3652807632537103
2023-06-01,110,30,Put,14.800677081515417
2023-06-02,110,30,Call,0.38496356743260485
2023-06-05,110,30,Put,14.70662391388818
2023-06-06,110,30,Put,15.54307737238392
2023-06-07,110,30,Put,15.547823041316306
2023-06-08,110,30,Put,15.514332418285363
2023-06-09,110,30,Call,0.4109606562572896
2023-06-12,110,30,Put,14.503291016790357
2023-06-13,110,30,Call,0.41745750220163735
2023-06-14,110,30,Put,14.372924556182355
2023-06-15,110,30,Put,14.877617466190273
2023-06-16,110,30,Call,0.41683861320325377
2023-06-19,110,30,Put,14.035816112854192
2023-06-20,110,30,Call,0.49556286258352245
2023-06-21,110,30,Call,0.4494779628010033
2023-06-22,110,30,Call,0.5244332585402258
2023-06-23,110,30,Call,0.45108544390493854
2023-06-26,110,30,Put,13.797627107407394
2023-06-27,110,30,Put,12.846681756639128
2023-06-28,110,30,Put,13.26521919657786
2023-06-29,110,30,Call,0.5186805049027914
2023-06-30,110,30,Call,0.5251527818595498
2023-07-03,110,30,Put,13.663871854056097
2023-07-04,110,30,Call,0.4210112674670601
2023-07-05,110,30,Put,14.2945914248711
2023-07-06,110,30,Call,0.3779475222487694
2023-07-07,110,30,Put,14.53803053032182
2023-07-10,110,30,Call,0.3605900534538282
2023-07-11,110,30,Call,0.42994439230673187
2023-07-12,110,30,Put,14.584186154247831
2023-07-13,110,30,Put,14.718310980892738
2023-07-14,110,30,Put,14.355594259990824
2023-07-17,110,30,Put,14.887488488750293
2023-07-18,110,30,Put,14.780824177654509
2023-07-19,110,30,Call,0.43504211276268734
2023-07-20,110,30,Call,0.36390333846267175
2023-07-21,110,30,Call,0.3722760030032113
2023-07-24,110,30,Put,14.69004237750815
2023-07-25,110,30,Call,0.41995360710525986
2023-07-26,110,30,Call,0.3660764720787686
2023-07-27,110,30,Put,15.449413681939717
2023-07-28,110,30,Call,0.3353346497619283
2023-07-31,110,30,Call,0.34759221181658795
2023-08-01,110,30,Put,14.958280172338604
2023-08-02,110,30,Put,14.79937201230588
2023-08-03,110,30,Put,15.090968060980472
2023-08-04,110,30,Put,14.98202340420923
2023-08-07,110,30,Call,0.3688595253022484
2023-08-08,110,30,Call,0.34058449686337333
2023-08-09,110,30,Call,0.42128313788813365
2023-08-10,110,30,Put,14.11539128704419
2023-08-11,110,30,Put,14.62872906910313
2023-08-14,110,30,Call,0.42064308577543486
2023-08-15,110,30,Call,0.377752876428346
2023-08-16,110,30,Put,14.402987462508207
2023-08-17,110,30,Call,0.4706180961999795
2023-08-18,110,30,Call,0.4307237008553937
2023-08-21,110,30,Put,13.815768041174366
2023-08-22,110,30,Put,13.63001521970952
2023-08-23,110,30,Call,0.5497651715306535
2023-08-24,110,30,Put,12.449714908590252
2023-08-25,110,30,Put,12.547382621858901
2023-08-28,110,30,Put,12.862413532965093
2023-08-29,110,30,Put,13.237543330133235
2023-08-30,110,30,Call,0.5084302424457476
2023-08-31,110,30,Call,0.5050730285052758
2023-09-01,110,30,Put,13.455118028414716
2023-09-04,110,30,Call,0.5415620662113074
2023-09-05,110,30,Call,0.5921859847668429
2023-09-06,110,30,Call,0.5939796939101374
2023-09-07,110,30,Put,12.327691991294543
2023-09-08,110,30,Put,12.433320408443237
2023-09-11,110,30,Call,0.8874722405438433
2023-09-12,110,30,Call,0.9446081932286994
2023-09-13,110,30,Put,11.367940685415192
2023-09-14,110,30,Put,11.808204870223932
2023-09-15,110,30,Put,11.599751383365003
2023-09-18,110,30,Call,0.8068472916060738
2023-09-19,110,30,Call,0.8672632380042558
2023-09-20,110,30,Put,11.179910933725466
2023-09-21,110,30,Put,11.20349665265637
2023-09-22,110,30,Call,0.8337791595030275
2023-09-25,110,30,Call,0.7172884285957561
2023-09-26,110,30,Put,12.360293132294672
2023-09-27,110,30,Call,0.7501077041667124
2023-09-28,110,30,Call,0.7676788630503832
2023-09-29,110,30,Put,12.414619671665577
2023-10-02,110,30,Call,0.6907053921077306
2023-10-03,110,30,Put,12.164687551863281
2023-10-04,110,30,Call,0.6582995774353435
2023-10-05,110,30,Call,0.6699103300425815
2023-10-06,110,30,Call,0.6750298533852455
2023-10-09,110,30,Call,0.6004113598541299
2023-10-10,110,30,Put,12.75042634690827
2023-10-11,110,30,Call,0.6628203939051769
2023-10-12,110,30,Call,0.7415767705006076
2023-10-13,110,30,Put,11.5907599367886
2023-10-16,110,30,Call,0.7199076192658165
2023-10-17,110,30,Call,0.6549486880499877
2023-10-18,110,30,Put,12.328360190066746
2023-10-19,110,30,Call,0.730087772782614
2023-10-20,110,30,Call,0.7702787401388225
2023-10-23,110,30,Put,10.288144583021634
2023-10-24,110,30,Call,1.1836041413260574
2023-10-25,110,30,Put,9.596884406732528
2023-10-26,110,30,Put,9.21875472007578
2023-10-27,110,30,Put,8.961992530471946
2023-10-30,110,30,Call,1.4816426548072847
2023-10-31,110,30,Call,1.585453150165261
2023-11-01,110,30,Put,9.070135631503248
2023-11-02,110,30,Put,9.155302386424324
2023-11-03,110,30,Call,1.395816204525925
2023-11-06,110,30,Put,9.299301234689395
2023-11-07,110,30,Call,1.7247548420443621
2023-11-08,110,30,Call,1.469086960196865
2023-11-09,110,30,Call,1.5623089508166927
2023-11-10,110,30,Call,1.3565869901363143
2023-11-13,110,30,Put,9.6402501317054
2023-11-14,110,30,Call,1.4374078148057343
2023-11-15,110,30,Call,1.4476361868573733
2023-11-16,110,30,Call,1.3164408498229783
2023-11-17,110,30,Put,9.868171543811542
2023-11-20,110,30,Call,1.3159401483941693
2023-11-21,110,30,Put,9.875819132912298
2023-11-22,110,30,Put,9.783812610500462
2023-11-23,110,30,Put,9.759566975340164
2023-11-24,110,30,Call,1.1948694642498339
2023-11-27,110,30,Call,1.4523257852027704
2023-11-28,110,30,Call,1.5376840829564529
2023-11-29,110,30,Call,1.2856522441760454
2023-11-30,110,30,Put,9.615178653808314
2023-12-01,110,30,Call,1.2346363316482858
2023-12-04,110,30,Put,9.527999242817174
2023-12-05,110,30,Call,1.24501029078003
2023-12-06,110,30,Call,1.2337793573743774
2023-12-07,110,30,Call,1.293768162302971
2023-12-08,110,30,Call,1.4005239800098046
2023-12-11,110,30,Put,9.78709093819161
2023-12-12,110,30,Put,9.913481666405403
2023-12-13,110,30,Call,1.1717150030724461
2023-12-14,110,30,Put,10.352631071163955
2023-12-15,110,30,Put,9.642809051126022
2023-12-18,110,30,Put,9.477768139014628
2023-12-19,110,30,Call,1.206766164061829
2023-12-20,110,30,Put,9.59987065442887
2023-12-21,110,30,Put,8.773932111341765
2023-12-22,110,30,Call,1.7374334396857094
2023-12-25,110,30,Call,1.526201157465085
2023-12-26,110,30,Put,9.127349663441791
2023-12-27,110,30,Put,8.638200155414182
2023-12-28,110,30,Put,8.900737173691226
2023-12-29,110,30,Put,8.726008187500057
2023-01-02,110,60,Put,11.950192109362561
2023-01-03,110,60,Call,2.3849084141511483
2023-01-04,110,60,Call,2.3671340189854106
2023-01-05,110,60,Call,2.4646191093082344
2023-01-06,110,60,Put,11.02665594678291
2023-01-09,110,60,Call,2.667796607946851
2023-01-10,110,60,Put,11.180161904419649
2023-01-11,110,60,Call,2.8929875221528505
2023-01-12,110,60,Call,3.0273713711457333
2023-01-13,110,60,Put,10.510605524353807
2023-01-16,110,60,Call,3.0456663343651655
2023-01-17,110,60,Put,10.472652510884188
2023-01-18,110,60,Call,2.891320824931494
2023-01-19,110,60,Put,10.53864622734271
2023-01-20,110,60,Put,11.19946312154336
2023-01-23,110,60,Call,2.367352284469874
2023-01-24,110,60,Put,12.006374084621228
2023-01-25,110,60,Call,2.1520614612760944
2023-01-26,110,60,Put,12.2491805747663
2023-01-27,110,60,Call,2.077548482878573
2023-01-30,110,60,Call,1.9012022688985226
2023-01-31,110,60,Call,2.0886605973090298
2023-02-01,110,60,Put,12.622989773221377
2023-02-02,110,60,Put,12.592240456716652
2023-02-03,110,60,Put,13.116068184424805
2023-02-06,110,60,Put,13.31449750746252
2023-02-07,110,60,Call,1.8462127420671095
2023-02-08,110,60,Call,1.7148536682089102
2023-02-09,110,60,Call,1.759281626162263
2023-02-10,110,60,Call,1.6932301516050146
2023-02-13,110,60,Call,1.6627605640366028
2023-02-14,110,60,Call,1.5995088234361994
2023-02-15,110,60,Put,13.388282538626015
2023-02-16,110,60,Call,1.8083689932305838
2023-02-17,110,60,Call,1.6894978511475607
2023-02-20,110,60,Call,1.784627480346824
2023-02-21,110,60,Put,13.921939202862248
2023-02-22,110,60,Put,13.83627106593849
2023-02-23,110,60,Put,14.582990053742833
2023-02-24,110,60,Call,1.3444303716085813
2023-02-27,110,60,Call,1.364196483319727
2023-02-28,110,60,Put,14.716954668297461
2023-03-01,110,60,Call,1.4545518627293106
2023-03-02,110,60,Put,14.68311526320224
2023-03-03,110,60,Put,14.793911744280607
2023-03-06,110,60,Put,15.36541915731577
2023-03-07,110,60,Call,1.220146355351071
2023-03-08,110,60,Call,1.1826223800735605
2023-03-09,110,60,Put,15.395313489095827
2023-03-10,110,60,Call,1.306892273348911
2023-03-13,110,60,Put,15.94294966910428
2023-03-14,110,60,Call,1.1846872342104824
2023-03-15,110,60,Call,1.1542128142648718
2023-03-16,110,60,Call,1.101259686044635
2023-03-17,110,60,Put,15.968016263135198
2023-03-20,110,60,Call,1.2393647359059319
2023-03-21,110,60,Call,1.3235281541419006
2023-03-22,110,60,Put,15.5057524055441
2023-03-23,110,60,Call,1.2247361966190997
2023-03-24,110,60,Put,15.484681485332331
2023-03-27,110,60,Call,1.3438549386218277
2023-03-28,110,60,Put,15.277359865361674
2023-03-29,110,60,Call,1.2863644136068793
2023-03-30,110,60,Call,1.192056410461067
2023-03-31,110,60,Put,16.241753689712283
2023-04-03,110,60,Put,15.912924310490311
2023-04-04,110,60,Put,15.371803405581247
2023-04-05,110,60,Put,15.393901133310422
2023-04-06,110,60,Put,14.9948523491705
2023-04-07,110,60,Call,1.4036896931018568
2023-04-10,110,60,Put,15.093246544213471
2023-04-11,110,60,Put,14.946046430360042
2023-04-12,110,60,Call,1.5327784911668694
2023-04-13,110,60,Put,14.351607295475432
2023-04-14,110,60,Call,1.699890907540258
2023-04-17,110,60,Call,1.4285437984433251
2023-04-18,110,60,Call,1.5117325578372096
2023-04-19,110,60,Call,1.5222038887326441
2023-04-20,110,60,Call,1.4934894644464052
2023-04-21,110,60,Put,14.451469136135898
2023-04-24,110,60,Put,15.218396909773077
2023-04-25,110,60,Put,15.29832301555031
2023-04-26,110,60,Call,1.3306020226085735
2023-04-27,110,60,Put,14.571008607685897
2023-04-28,110,60,Call,1.4239814305194471
2023-05-01,110,60,Call,1.3488841289397868
2023-05-02,110,60,Call,1.304451020630431
2023-05-03,110,60,Call,1.390648024705925
2023-05-04,110,60,Put,14.767068045250554
2023-05-05,110,60,Call,1.3746227250548166
2023-05-08,110,60,Call,1.4251339736298192
2023-05-09,110,60,Put,14.717431013314723
2023-05-10,110,60,Put,14.33679380600283
2023-05-11,110,60,Call,1.4653923120102235
2023-05-12,110,60,Call,1.43475091275495
2023-05-15,110,60,Call,1.3984679740313908
2023-05-16,110,60,Call,1.2657415685565496
2023-05-17,110,60,Call,1.2934317765510244
2023-05-18,110,60,Call,1.318418488465607
2023-05-19,110,60,Put,15.196322744728022
2023-05-22,110,60,Put,15.28206655413203
2023-05-23,110,60,Put,15.83334192815903
2023-05-24,110,60,Call,1.146190620418528
2023-05-25,110,60,Call,1.1199003709187636
2023-05-26,110,60,Call,1.058676699632791
2023-05-29,110,60,Put,16.494711687096796
2023-05-30,110,60,Call,1.0797052814596206
2023-05-31,110,60,Call,1.235144690507898
2023-06-01,110,60,Call,1.251654239559997
2023-06-02,110,60,Call,1.2756745055182144
2023-06-05,110,60,Put,15.414308627776336
2023-06-06,110,60,Call,1.1112919328142965
2023-06-07,110,60,Put,16.170848296447872
2023-06-08,110,60,Put,16.140650296730726
2023-06-09,110,60,Put,15.162875460858046
2023-06-12,110,60,Call,1.3120361062172137
2023-06-13,110,60,Call,1.3410436577621212
2023-06-14,110,60,Call,1.3392955535277267
2023-06-15,110,60,Call,1.2364307228713418
2023-06-16,110,60,Call,1.3398154446639907
2023-06-19,110,60,Call,1.4120949865140204
2023-06-20,110,60,Put,14.500981168018868
2023-06-21,110,60,Put,14.847525432732695
2023-06-22,110,60,Put,14.298531651816774
2023-06-23,110,60,Put,14.834905211346026
2023-06-26,110,60,Put,14.601021640330174
2023-06-27,110,60,Put,13.754154808354187
2023-06-28,110,60,Put,14.126444523496374
2023-06-29,110,60,Call,1.534331747100385
2023-06-30,110,60,Put,14.293616845067575
2023-07-03,110,60,Put,14.481681407778467
2023-07-04,110,60,Put,15.078083848140622
2023-07-05,110,60,Call,1.3559117469269069
2023-07-06,110,60,Put,15.455272788542175
2023-07-07,110,60,Put,15.263152623629878
2023-07-10,110,60,Call,1.2253742510945003
2023-07-11,110,60,Put,15.00424727540451
2023-07-12,110,60,Put,15.3045195548073
2023-07-13,110,60,Put,15.424792505122866
2023-07-14,110,60,Put,15.099752020464365
2023-07-17,110,60,Put,15.576635705023747
2023-07-18,110,60,Put,15.480882391508516
2023-07-19,110,60,Call,1.3756836570070838
2023-07-20,110,60,Call,1.2322801826939038
2023-07-21,110,60,Call,1.2496342248039554
2023-07-24,110,60,Put,15.399435422154383
2023-07-25,110,60,Call,1.3459909285280531
2023-07-26,110,60,Put,15.566097583487334
2023-07-27,110,60,Put,16.082132980538674
2023-07-28,110,60,Call,1.1719801816181228
2023-07-31,110,60,Put,15.745315185264133
2023-08-01,110,60,Put,15.640220342158642
2023-08-02,110,60,Call,1.2519138567146726
2023-08-03,110,60,Call,1.1950518604735887
2023-08-04,110,60,Put,15.661552572609793
2023-08-07,110,60,Call,1.2425695278050704
2023-08-08,110,60,Call,1.1831925233329752
2023-08-09,110,60,Put,15.075815827818317
2023-08-10,110,60,Put,14.884867314185371
2023-08-11,110,60,Put,15.344451690983888
2023-08-14,110,60,Put,15.081157443212135
2023-08-15,110,60,Put,15.457064368405511
2023-08-16,110,60,Call,1.332965971351733
2023-08-17,110,60,Call,1.4443313481600875
2023-08-18,110,60,Call,1.3672221527070185
2023-08-21,110,60,Put,14.61721364340778
2023-08-22,110,60,Call,1.5043317697780267
2023-08-23,110,60,Call,1.5910417580583918
2023-08-24,110,60,Call,1.803970511386673
2023-08-25,110,60,Put,13.488296601981887
2023-08-28,110,60,Call,1.693583308477809
2023-08-29,110,60,Put,14.101806637775582
2023-08-30,110,60,Put,14.409459815115142
2023-08-31,110,60,Put,14.433133599538778
2023-09-01,110,60,Call,1.5457040482342776
2023-09-04,110,60,Call,1.5761831308890137
2023-09-05,110,60,Put,13.860647650599859
2023-09-06,110,60,Put,13.84968802470722
2023-09-07,110,60,Put,13.293323928783238
2023-09-08,110,60,Put,13.387050845872508
2023-09-11,110,60,Put,12.369427761044292
2023-09-12,110,60,Put,12.135066498778656
2023-09-13,110,60,Call,2.1255186439742353
2023-09-14,110,60,Put,12.832766560067228
2023-09-15,110,60,Put,12.648111921578575
2023-09-18,110,60,Put,12.724980878086782
2023-09-19,110,60,Call,2.1208805935453725
2023-09-20,110,60,Call,2.1866112649105673
2023-09-21,110,60,Call,2.1788575939766304
2023-09-22,110,60,Put,12.60271068598638
2023-09-25,110,60,Call,1.8802266351560526
2023-09-26,110,60,Put,13.32224854589758
2023-09-27,110,60,Call,1.9341648459228686
2023-09-28,110,60,Call,1.9627306128248918
2023-09-29,110,60,Call,1.813653667446527
2023-10-02,110,60,Call,1.8359512233177782
2023-10-03,110,60,Call,1.8840033865582697
2023-10-04,110,60,Put,13.475394163025399
2023-10-05,110,60,Call,1.8009293005559215
2023-10-06,110,60,Put,13.38352678509736
2023-10-09,110,60,Call,1.6811989918920567
2023-10-10,110,60,Put,13.668622740507203
2023-10-11,110,60,Put,13.450361249917236
2023-10-12,110,60,Put,13.037623266393652
2023-10-13,110,60,Put,12.640148577155188
2023-10-16,110,60,Put,13.147020163601141
2023-10-17,110,60,Call,1.7755122019643288
2023-10-18,110,60,Put,13.293916744322999
2023-10-19,110,60,Put,13.095254894626919
2023-10-20,110,60,Call,1.9669394163660137
2023-10-23,110,60,Put,11.487027034715723
2023-10-24,110,60,Call,2.5897771035706363
2023-10-25,110,60,Call,2.7730087317248717
2023-10-26,110,60,Call,2.934855701736616
2023-10-27,110,60,Call,3.050275608648281
2023-10-30,110,60,Put,10.412942218370873
2023-10-31,110,60,Call,3.1345477919006015
2023-11-01,110,60,Put,10.406911516340699
2023-11-02,110,60,Put,10.4825968515093
2023-11-03,110,60,Call,2.8831298053442396
2023-11-06,110,60,Put,10.610493613329666
2023-11-07,110,60,Call,3.313888851499165
2023-11-08,110,60,Call,2.981351136856013
2023-11-09,110,60,Call,3.104336596196518
2023-11-10,110,60,Call,2.8299369469958933
2023-11-13,110,60,Put,10.913009944995068
2023-11-14,110,60,Put,10.530495181076503
2023-11-15,110,60,Call,2.9527433436580566
2023-11-16,110,60,Put,10.870224458101731
2023-11-17,110,60,Call,2.6625034242062213
2023-11-20,110,60,Call,2.7743512858106207
2023-11-21,110,60,Call,2.659453308208196
2023-11-22,110,60,Put,11.040281914679056
2023-11-23,110,60,Put,11.018791366226836
2023-11-24,110,60,Put,11.242479671418849
2023-11-27,110,60,Put,10.490475112986815
2023-11-28,110,60,Call,3.072054998997249
2023-11-29,110,60,Put,10.961361753868076
2023-11-30,110,60,Put,10.890777494862903
2023-12-01,110,60,Put,11.116965307974965
2023-12-04,110,60,Call,2.8017990731512796
2023-12-05,110,60,Call,2.6761382061676358
2023-12-06,110,60,Put,11.119630114153196
2023-12-07,110,60,Put,10.937141239921033
2023-12-08,110,60,Put,10.631144131961747
2023-12-11,110,60,Put,11.043187604383377
2023-12-12,110,60,Call,2.6444831820153247
2023-12-13,110,60,Call,2.572904558948487
2023-12-14,110,60,Put,11.544121098188583
2023-12-15,110,60,Put,10.915278995575292
2023-12-18,110,60,Call,2.8229845003880456
2023-12-19,110,60,Put,11.20452709752604
2023-12-20,110,60,Call,2.7717674518709288
2023-12-21,110,60,Put,10.143408176762208
2023-12-22,110,60,Put,9.79201053795606
2023-12-25,110,60,Put,10.297825141957418
2023-12-26,110,60,Call,2.9754155715391946
2023-12-27,110,60,Call,3.2026352369885345
2023-12-28,110,60,Put,10.256269699675784
2023-12-29,110,60,Put,10.100730713728595
2023-01-02,110,90,Put,12.937590184044822
2023-01-03,110,90,Put,12.76567071328192
2023-01-04,110,90,Put,12.806684857324996
2023-01-05,110,90,Put,12.585249699444262
2023-01-06,110,90,Call,3.934050338906488
2023-01-09,110,90,Put,12.149463432612421
2023-01-10,110,90,Put,12.221082873831648
2023-01-11,110,90,Call,4.151408879908587
2023-01-12,110,90,Put,11.451294648845504
2023-01-13,110,90,Call,4.214849481649502
2023-01-16,110,90,Put,11.417963274611388
2023-01-17,110,90,Call,4.236315730302195
2023-01-18,110,90,Call,4.149516611107863
2023-01-19,110,90,Call,4.199063538153396
2023-01-20,110,90,Call,3.8444337356144374
2023-01-23,110,90,Put,12.806179438180337
2023-01-24,110,90,Call,3.452810998136801
2023-01-25,110,90,Put,13.327556605573719
2023-01-26,110,90,Put,13.215384958901865
2023-01-27,110,90,Put,13.519557139253124
2023-01-30,110,90,Call,2.9866262961405887
2023-01-31,110,90,Put,13.490516546909092
2023-02-01,110,90,Call,3.18077935599646
2023-02-02,110,90,Call,3.1938277213030126
2023-02-03,110,90,Call,2.9785351486810576
2023-02-06,110,90,Call,2.9007243583425435
2023-02-07,110,90,Put,14.15978935547291
2023-02-08,110,90,Put,14.557534021526521
2023-02-09,110,90,Put,14.419931492134992
2023-02-10,110,90,Put,14.625707859234353
2023-02-13,110,90,Put,14.723153967450614
2023-02-14,110,90,Put,14.930833630737993
2023-02-15,110,90,Put,14.27239132391884
2023-02-16,110,90,Call,2.872619841422086
2023-02-17,110,90,Call,2.725009479014897
2023-02-20,110,90,Put,14.342869932891062
2023-02-21,110,90,Call,2.6744792378691287
2023-02-22,110,90,Put,14.687754470450244
2023-02-23,110,90,Put,15.380007742886278
2023-02-24,110,90,Call,2.2843863828786404
2023-02-27,110,90,Put,15.776390529076863
2023-02-28,110,90,Put,15.504212576191449
2023-03-01,110,90,Call,2.427176350974861
2023-03-02,110,90,Call,2.414542956999842
2023-03-03,110,90,Call,2.378742291468228
2023-03-06,110,90,Call,2.2017585448475465
2023-03-07,110,90,Call,2.1203840185123113
2023-03-08,110,90,Put,16.525741625867994
2023-03-09,110,90,Put,16.13331910192602
2023-03-10,110,90,Put,16.00251783707057
2023-03-13,110,90,Put,16.641509866582496
2023-03-14,110,90,Call,2.072983933348027
2023-03-15,110,90,Put,16.652362315757955
2023-03-16,110,90,Call,1.960293056578756
2023-03-17,110,90,Call,2.0283042360523282
2023-03-20,110,90,Call,2.1459568786576
2023-03-21,110,90,Call,2.2570251714509766
2023-03-22,110,90,Call,2.1601961980136863
2023-03-23,110,90,Put,16.34303868414824
2023-03-24,110,90,Call,2.1663905240969648
2023-03-27,110,90,Put,15.855648198464621
2023-03-28,110,90,Call,2.228212374905471
2023-03-29,110,90,Put,16.085731580914953
2023-03-30,110,90,Call,2.082858238795744
2023-03-31,110,90,Call,1.953693530134533
2023-04-03,110,90,Put,16.613637762141025
2023-04-04,110,90,Put,16.111509756163883
2023-04-05,110,90,Call,2.1932642297214855
2023-04-06,110,90,Put,15.761893667373485
2023-04-07,110,90,Call,2.361502059307689
2023-04-10,110,90,Call,2.2844694864004396
2023-04-11,110,90,Put,15.716634921330481
2023-04-12,110,90,Put,15.158325172676683
2023-04-13,110,90,Put,15.165496395167693
2023-04-14,110,90,Call,2.7379921206904854
2023-04-17,110,90,Put,15.532609718971415
2023-04-18,110,90,Call,2.5004722873746523
2023-04-19,110,90,Put,15.195210687225838
2023-04-20,110,90,Call,2.4771477429824316
2023-04-21,110,90,Call,2.4910224087239357
2023-04-24,110,90,Call,2.2460884267888446
2023-04-25,110,90,Put,16.04334836900722
2023-04-26,110,90,Call,2.2662945486014117
2023-04-27,110,90,Call,2.4512774967829216
2023-04-28,110,90,Call,2.387758614688316
2023-05-01,110,90,Call,2.2902053678863545
2023-05-02,110,90,Put,16.012351159178195
2023-05-03,110,90,Put,15.674928884529862
2023-05-04,110,90,Call,2.387370428946479
2023-05-05,110,90,Put,15.736184681687178
2023-05-08,110,90,Call,2.3892477213186716
2023-05-09,110,90,Call,2.403401563593434
2023-05-10,110,90,Put,15.151763471778352
2023-05-11,110,90,Call,2.441114773425223
2023-05-12,110,90,Put,15.509629389774929
2023-05-15,110,90,Call,2.3547332740236158
2023-05-16,110,90,Call,2.180924787483235
2023-05-17,110,90,Call,2.217475910108192
2023-05-18,110,90,Put,15.956315881815613
2023-05-19,110,90,Put,15.948739616679461
2023-05-22,110,90,Call,2.2267910848501913
2023-05-23,110,90,Call,2.065950986469769
2023-05-24,110,90,Call,2.0211939225897915
2023-05-25,110,90,Put,16.80912015537409
2023-05-26,110,90,Put,17.099965612314875
2023-05-29,110,90,Put,17.15393438139887
2023-05-30,110,90,Call,1.9308961499689588
2023-05-31,110,90,Put,16.298765340823095
2023-06-01,110,90,Put,16.229232879231574
2023-06-02,110,90,Call,2.1940546443543596
2023-06-05,110,90,Put,16.15094051064152
2023-06-06,110,90,Call,1.9739348268445198
2023-06-07,110,90,Call,1.9727776332906792
2023-06-08,110,90,Call,1.9809563991534418
2023-06-09,110,90,Put,15.917718039294257
2023-06-12,110,90,Put,15.981853369237825
2023-06-13,110,90,Call,2.2799589489861916
2023-06-14,110,90,Call,2.277672787018904
2023-06-15,110,90,Call,2.1420579794699286
2023-06-16,110,90,Put,15.87151797073436
2023-06-19,110,90,Call,2.372387167361879
2023-06-20,110,90,Call,2.4744878821286456
2023-06-21,110,90,Call,2.3615963770622415
2023-06-22,110,90,Call,2.5427524142039637
2023-06-23,110,90,Call,2.365622022310653
2023-06-26,110,90,Call,2.441392188545535
2023-06-27,110,90,Put,14.611625087976421
2023-06-28,110,90,Put,14.956760645179855
2023-06-29,110,90,Put,15.152926982952792
2023-06-30,110,90,Put,15.111736238725243
2023-07-03,110,90,Put,15.286084253955337
2023-07-04,110,90,Put,15.839079789333184
2023-07-05,110,90,Put,15.808539327301887
2023-07-06,110,90,Put,16.18894335973225
2023-07-07,110,90,Call,2.2325076319687973
2023-07-10,110,90,Call,2.127348541234248
2023-07-11,110,90,Put,15.770605963274022
2023-07-12,110,90,Call,2.2200223655965594
2023-07-13,110,90,Call,2.1840853467005203
2023-07-14,110,90,Put,15.859174964011984
2023-07-17,110,90,Put,16.30154310641288
2023-07-18,110,90,Call,2.1675090921995093
2023-07-19,110,90,Call,2.3251395145430003
2023-07-20,110,90,Call,2.1365392770149647
2023-07-21,110,90,Put,16.237695453409998
2023-07-24,110,90,Put,16.13714290640293
2023-07-25,110,90,Put,15.847274260764948
2023-07-26,110,90,Put,16.29176527949221
2023-07-27,110,90,Put,16.770727732727067
2023-07-28,110,90,Put,16.572846616619657
2023-07-31,110,90,Call,2.090900056858832
2023-08-01,110,90,Call,2.1210460283997925
2023-08-02,110,90,Put,16.228146151650037
2023-08-03,110,90,Call,2.0868684188665334
2023-08-04,110,90,Put,16.380337992097353
2023-08-07,110,90,Put,16.267390390792144
2023-08-08,110,90,Put,16.523228918355585
2023-08-09,110,90,Call,2.289862880644037
2023-08-10,110,90,Call,2.3497221364369416
2023-08-11,110,90,Call,2.208031060066425
2023-08-14,110,90,Put,15.841930235694278
2023-08-15,110,90,Call,2.17453390222067
2023-08-16,110,90,Put,15.898527446731904
2023-08-17,110,90,Call,2.4140162911866803
2023-08-18,110,90,Call,2.3141244098737808
2023-08-21,110,90,Put,15.41173732404684
2023-08-22,110,90,Call,2.491016749120977
2023-08-23,110,90,Call,2.6012455970363604
2023-08-24,110,90,Put,14.28474136111025
2023-08-25,110,90,Call,2.834185757551989
2023-08-28,110,90,Put,14.624587969321666
2023-08-29,110,90,Call,2.6107798156909077
2023-08-30,110,90,Call,2.5051325130858864
2023-08-31,110,90,Call,2.49717176865677
2023-09-01,110,90,Call,2.5437605691093133
2023-09-04,110,90,Call,2.582441319762797
2023-09-05,110,90,Put,14.710353442427802
2023-09-06,110,90,Call,2.7004792991566795
2023-09-07,110,90,Put,14.184332969505206
2023-09-08,110,90,Put,14.271249175881806
2023-09-11,110,90,Put,13.327056737937184
2023-09-12,110,90,Put,13.109382504396137
2023-09-13,110,90,Call,3.257979349454576
2023-09-14,110,90,Put,13.757123603300315
2023-09-15,110,90,Call,3.1701577927522564
2023-09-18,110,90,Put,13.657106804310502
2023-09-19,110,90,Put,13.407127320631702
2023-09-20,110,90,Call,3.330958532674103
2023-09-21,110,90,Put,13.260039698592976
2023-09-22,110,90,Put,13.543629551914975
2023-09-25,110,90,Call,2.960959319495025
2023-09-26,110,90,Put,14.211156478443726
2023-09-27,110,90,Call,3.026855211791716
2023-09-28,110,90,Put,13.828479287753467
2023-09-29,110,90,Put,14.255859699604386
2023-10-02,110,90,Call,2.906604932500354
2023-10-03,110,90,Put,14.050244262460836
2023-10-04,110,90,Put,14.353167279457068
2023-10-05,110,90,Put,14.29384208221093
2023-10-06,110,90,Put,14.267981310259913
2023-10-09,110,90,Call,2.7146318863279006
2023-10-10,110,90,Put,14.532326398047616
2023-10-11,110,90,Call,2.848582801198514
2023-10-12,110,90,Call,3.0098503530791625
2023-10-13,110,90,Put,13.578377502237544
2023-10-16,110,90,Call,2.966266278065774
2023-10-17,110,90,Put,14.370466149588395
2023-10-18,110,90,Call,2.9087025594418847
2023-10-19,110,90,Put,14.000632503158869
2023-10-20,110,90,Call,3.066728983116011
2023-10-23,110,90,Put,12.506826608312437
2023-10-24,110,90,Put,12.312913175986438
2023-10-25,110,90,Call,4.014721217992317
2023-10-26,110,90,Call,4.198884729719076
2023-10-27,110,90,Put,11.409596515232131
2023-10-30,110,90,Put,11.505143452778718
2023-10-31,110,90,Call,4.423829065672173
2023-11-01,110,90,Call,4.273773363246953
2023-11-02,110,90,Call,4.230680043342915
2023-11-03,110,90,Call,4.140214387632369
2023-11-06,110,90,Call,4.158900076919899
2023-11-07,110,90,Call,4.623883423555448
2023-11-08,110,90,Put,11.536014812101818
2023-11-09,110,90,Put,11.312376643038704
2023-11-10,110,90,Call,4.079697901072954
2023-11-13,110,90,Call,3.9941638727604243
2023-11-14,110,90,Put,11.615000750296915
2023-11-15,110,90,Put,11.589324299564879
2023-11-16,110,90,Call,4.017042349957421
2023-11-17,110,90,Call,3.887946419764667
2023-11-20,110,90,Put,11.933515044449948
2023-11-21,110,90,Put,12.166721520489816
2023-11-22,110,90,Put,12.090725366735796
2023-11-23,110,90,Put,12.070691544428854
2023-11-24,110,90,Put,12.27913625625763
2023-11-27,110,90,Put,11.577607793035632
2023-11-28,110,90,Call,4.353691364558735
2023-11-29,110,90,Put,12.017146318157714
2023-11-30,110,90,Call,4.0060351277223845
2023-12-01,110,90,Call,3.886950319824436
2023-12-04,110,90,Put,11.87918526256172
2023-12-05,110,90,Call,3.903636059442981
2023-12-06,110,90,Put,12.164680403106814
2023-12-07,110,90,Call,3.9813201551671824
2023-12-08,110,90,Put,11.709010787751204
2023-12-11,110,90,Call,3.9253844172257146
2023-12-12,110,90,Call,3.8671894279854513
2023-12-13,110,90,Put,12.348882207383994
2023-12-14,110,90,Put,12.559958482016015
2023-12-15,110,90,Call,3.9929543511021777
2023-12-18,110,90,Call,4.071774315841097
2023-12-19,110,90,Put,12.243782342611269
2023-12-20,110,90,Call,4.013301973904724
2023-12-21,110,90,Put,11.253002251953
2023-12-22,110,90,Call,4.6417813567391235
2023-12-25,110,90,Put,11.39749906784526
2023-12-26,110,90,Call,4.24477074161728
2023-12-27,110,90,Put,11.139774943297873
2023-12-28,110,90,Put,11.358625165308382
2023-12-29,110,90,Put,11.213044724300651
